tipo;denominacion;codigo;tipo_nombre;sub_codigo;abreviatura;orden;estado
1;SOLES;1;MONEDA;;SOLES;1;1
1;DOLARES AMERICANOS;2;MONEDA;;DOLAR;2;1
2;MASCULINO;3;SEXO;;;1;1
2;FEMENINO;4;SEXO;;;2;1
3;SOLTERO(A);5;ESTADO CIVIL;;;1;1
3;CASADO(A);6;ESTADO CIVIL;;;2;1
3;DIVORCIADO(A);7;ESTADO CIVIL;;;3;1
3;CONVIVIENTE;8;ESTADO CIVIL;;;4;1
3;VIUDO(A);87;ESTADO CIVIL;;;1;1
3;SEPARADO(A);88;ESTADO CIVIL;;;2;1
4;GERENTE GENERAL;9;CARGOS;;;1;1
4;GERENTE REGIONAL;10;CARGOS;;;2;1
4;ADMINISTRADOR;11;CARGOS;;;3;1
4;ASISTENTE CONTABLE;12;CARGOS;;;4;1
4;ASISTENTE DE SISTEMAS;13;CARGOS;;;5;1
4;COORDINADOR DE SISTEMAS;14;CARGOS;;;6;1
4;ANALISTA PROGRAMADOR;15;CARGOS;;;7;1
5;PERUANA;16;NACIONALIDAD;;;1;1
5;EXTRANJERA;17;NACIONALIDAD;;;2;1
6;COMPRADO;18;FORMAS DE ADQUISICIÓN;;;1;1
6;ADQUIRIDO;19;FORMAS DE ADQUISICIÓN;;;2;1
7;NUEVO;20;ESTADO DE BIENES;;;1;1
7;BUEN ESTADO;21;ESTADO DE BIENES;;;2;1
7;REGULAR ESTADO;22;ESTADO DE BIENES;;;3;1
7;MAL ESTADO;23;ESTADO DE BIENES;;;4;1
7;EN PROCESO;24;ESTADO DE BIENES;;;5;1
8;ACTIVADO;25;SITUACION DE BIENES;;;1;1
8;BAJA TEMPORAL;26;SITUACION DE BIENES;;;2;1
8;BAJA DEFINITIVA;27;SITUACION DE BIENES;;;3;1
8;NO UBICADO;28;SITUACION DE BIENES;;;4;1
9;REGIMEN UNICO SIMPLIFICADO;29;TIPO DE DOCUMENTO PROVEEDOR;;;1;1
9;DOCUMENTO NACIONAL DE IDENTIDAD;30;TIPO DE DOCUMENTO PROVEEDOR;;;2;1
4;CAJERO;31;CARGOS;;;1;1
4;ASESOR LEGAL;32;CARGOS;;;2;1
4;DISEÑADOR GRAFICO;33;CARGOS;;;3;1
4;SECRETARIA DE GERENCIA REGIONAL;34;CARGOS;;;4;1
4;CONSERJE DE LA REGIONAL;35;CARGOS;;;5;1
4;AUXILIAR DE CAJA;36;CARGOS;;;6;1
4;ASISTENTE DE JEFATURA DE ADMINISTRACION Y FINANZAS;37;CARGOS;;;7;1
4;ENCARGADA DE ASUNTOS TECNICOS;38;CARGOS;;;8;1
4;COORDINADOR GREMIAL;39;CARGOS;;;9;1
4;AUXILIAR ADMINISTRATIVA;40;CARGOS;;;10;1
4;PRACTICANTE DE SISTEMAS;41;CARGOS;;;11;1
4;SECRETARIA;42;CARGOS;;;12;1
4;ASISTENTE;43;CARGOS;;;13;1
4;AUXILIAR CONTABLE;44;CARGOS;;;14;1
4;ASISTENTE DE DECANO;45;CARGOS;;;15;1
4;RECEPCIONISTA;46;CARGOS;;;16;1
4;ASISTENTE DE TESORERIA;47;CARGOS;;;17;1
4;ASISTENTE TECNICA;49;CARGOS;;;18;1
4;ASISTENTE ADMINISTRATIVO;50;CARGOS;;;19;1
4;WEBMASTER;51;CARGOS;;;20;1
4;COORDINADOR DE COMUNICACIONES EVENTOS Y DIFUSION;52;CARGOS;;;21;1
4;ENCARGADO DE LOGISTICA Y ARCHIVO;53;CARGOS;;;22;1
4;JEFE DE ADMINISTRACION Y FINANZAS;54;CARGOS;;;23;1
4;AUXILIAR;55;CARGOS;;;24;1
4;BIBLIOTECOLOGO;56;CARGOS;;;25;1
10;DESGLOSE;57;TIPO DE FORMATO;;;1;1
10;CONTINUO;58;TIPO DE FORMATO;;;2;1
11;PENDIENTE;59;SITUACION CUOTAS ORDINARIAS;;;1;1
11;ANULADO;60;SITUACION CUOTAS ORDINARIAS;;;2;1
11;FRACCIONADO;61;SITUACION CUOTAS ORDINARIAS;;;3;1
11;PAGADO;62;SITUACION CUOTAS ORDINARIAS;;;4;1
12;ESPOSO(A);63;PARENTESCO;;;1;1
12;CONCUBINO(A);64;PARENTESCO;;;2;1
12;HIJO(A);65;PARENTESCO;;;3;1
12;PADRE;66;PARENTESCO;;;4;1
12;MADRE;67;PARENTESCO;;;5;1
13;ONP;68;SEGURO SOCIAL;;;1;1
13;PRIMA;69;SEGURO SOCIAL;;;2;1
13;INTEGRA;70;SEGURO SOCIAL;;;3;1
13;PROFUTURO;71;SEGURO SOCIAL;;;4;1
13;HABITAT;72;SEGURO SOCIAL;;;5;1
14;HABILITADO;73;SITUACION CLIENTE;;;1;1
14;INHABILITADO;74;SITUACION CLIENTE;;;2;1
15;AGREMIADO;75;TIPO DE CLIENTE;;;1;1
15;DELEGADO;76;TIPO DE CLIENTE;;;2;1
15;TERCERO;77;TIPO DE CLIENTE;;;3;1
17;BASICO;80;GRADO DE CONOCIMIENTO;;;1;1
17;INTERMEDIO;81;GRADO DE CONOCIMIENTO;;;2;1
17;AVANZADO;82;GRADO DE CONOCIMIENTO;;;3;1
14;FALLECIDO;83;SITUACION CLIENTE;;;1;1
16;DNI;78;TIPO DOCUMENTO CLIENTE;;;1;1
16;NRO. CAP;85;TIPO DOCUMENTO CLIENTE;;;2;1
16;CARNÉ DE EXTRANJERÍA;84;TIPO DOCUMENTO CLIENTE;;;3;1
16;PASAPORTE;83;TIPO DOCUMENTO CLIENTE;;;4;1
16;CEDULA DIPLOMATICA DE IDENTIDAD;260;TIPO DOCUMENTO CLIENTE;;;5;1
16;RUC;79;TIPO DOCUMENTO CLIENTE;;;6;1
16;OTROS DOCUMENTOS DE IDENTIDAD;259;TIPO DOCUMENTO CLIENTE;;;7;1
16;SIN DEFINIR;86;TIPO DOCUMENTO CLIENTE;;;8;0
18;NORMAL;89;CATEGORIA CLIENTE;;;1;1
18;VITALICIO;90;CATEGORIA CLIENTE;;;2;1
18;TEMPORAL;91;CATEGORIA CLIENTE;;;3;1
19;EFECTIVO;91;CONDICION PAGO;;;1;1
19;VISANET;92;CONDICION PAGO;;;2;1
3;SIN DEFINIR;93;ESTADO CIVIL;;;1;1
13;SIN DEFINIR;94;SEGURO SOCIAL;;;1;1
5;SIN DEFINIR;95;NACIONALIDAD;;;1;1
2;SIN DEFINIR;96;SEXO;;;1;1
20;CONTADO;97;FORMA DE PAGO;;;1;1
21;INGRESO;100;TIPO DE CENTRO COSTO;;;1;1
21;EGRESO;101;TIPO DE CENTRO COSTO;;;2;1
12;ABUELO(A);102;PARENTESCO;;;1;1
12;AHIJADO(A);103;PARENTESCO;;;2;1
12;AMIGO(A);104;PARENTESCO;;;3;1
12;BISABUELO(A);105;PARENTESCO;;;4;1
12;CONVIVIENTE;106;PARENTESCO;;;5;1
12;CUÑADO(A);107;PARENTESCO;;;6;1
12;HERMANO(A);108;PARENTESCO;;;7;1
12;NIETO(A);109;PARENTESCO;;;8;1
12;NOVIO(A);110;PARENTESCO;;;9;1
12;PRIMO(A);111;PARENTESCO;;;10;1
12;SOBRINO(A);112;PARENTESCO;;;11;1
12;SUEGRA(A);113;PARENTESCO;;;12;1
12;TIO(A);114;PARENTESCO;;;13;1
22;CANCELADO;116;SITUACION DOCUMENTO VENTA;;;1;1
22;ANULADO;117;SITUACION DOCUMENTO VENTA;;;2;1
12;TITULAR;118;PARENTESCO;;;1;1
23;TITULAR;119;PARENTESCO SEGURO;;;1;1
23;DEPENDIENTE;120;PARENTESCO SEGURO;;;2;1
23;TITULAR Y DEPENDIENTE;121;PARENTESCO SEGURO;;;3;1
23;DEPENDIENTE HIJO;122;PARENTESCO SEGURO;;;4;1
24;EDIFICACION;123;TIPO PROYECTO;;;1;1
24;HABILITACIONES URBANAS;124;TIPO PROYECTO;;;2;1
25;ANTEPROYECTO;125;DATOS TECNICOS EDIFICACION;;;1;1
25;PROYECTO;126;DATOS TECNICOS EDIFICACION;;;2;1
25;CONFORMIDAD DE OBRA CON VARIACION;128;DATOS TECNICOS EDIFICACION;;;3;1
25;REGULARIZACION (sólo liquidaciones);129;DATOS TECNICOS EDIFICACION;;;4;1
25;PROYECTO;130;MODIFICACION DE PROYECTO;;;5;1
25;PROYECTO;131;DEMOLICION TOTAL;;;6;1
27;CALCULADO POR SISTEMA;135;TIPO CALCULO DE LIQUIDACION;;;1;1
27;DE ACUERDO A LA DECLARACION JURADA PRESENTADA;136;TIPO CALCULO DE LIQUIDACION;;;2;1
27;REAJUSTE POR INSTRUCCION DEL MUNICIPIO;137;TIPO CALCULO DE LIQUIDACION;;;3;1
27;DESCUENTO POR ACUERDO DE CAT;138;TIPO CALCULO DE LIQUIDACION;;;4;1
27;CALCULADO POR SISTEMA 2;139;TIPO CALCULO DE LIQUIDACION;;;5;1
27;DE ACUERDO A LA DECLARACIÓN JURADA PRESENTADA 2;140;TIPO CALCULO DE LIQUIDACION;;;6;1
27;REAJUSTE POR INSTRUCCION DEL MUNICIPIO 2;141;TIPO CALCULO DE LIQUIDACION;;;7;1
27;COBRO POR INSTRUCCION DEL MUNICIPIO;142;TIPO CALCULO DE LIQUIDACION;;;8;1
27;SEGUN NUMERAL 12.7 D.S.008-2013-VIVIENDA (50%);143;TIPO CALCULO DE LIQUIDACION;;;9;1
28;POR ORDENANZA 159 C/MC;144;ORDENANZA;;;1;1
28;POR ORDENANZA 181;145;ORDENANZA;;;2;1
28;POR ORDENANZA 202;146;ORDENANZA;;;3;1
28;POR RESOL. MINISTERIAL 074-2005-VIV.;147;ORDENANZA;;;4;1
29;EDIFICACION NUEVA;148;TIPOS DE OBRA;;;1;1
29;REFACCION;149;TIPOS DE OBRA;;;2;1
29;CERCADO;150;TIPOS DE OBRA;;;3;1
29;DEMOLICION;151;TIPOS DE OBRA;;;4;1
29;AMPLIACION;152;TIPOS DE OBRA;;;5;1
29;REMODELACION;153;TIPOS DE OBRA;;;6;1
29;PUESTA VALOR HISTORICO;154;TIPOS DE OBRA;;;7;1
29;OBRAS COMPLEMENTARIAS;155;TIPOS DE OBRA;;;8;1
30;VIVIENDA - UNIFAMILIAR;156;USOS DE EDIFICACION;;;1;1
30;VIVIENDA - MULTIFAMILIAR;157;USOS DE EDIFICACION;;;2;1
30;VIVIENDA CON USOS COMPLEMENTARIOS;158;USOS DE EDIFICACION;;;3;1
30;COMERCIO;159;USOS DE EDIFICACION;;;4;1
30;OFICINAS;160;USOS DE EDIFICACION;;;5;1
30;INDUSTRIA;161;USOS DE EDIFICACION;;;6;1
30;SALUD;162;USOS DE EDIFICACION;;;7;1
30;EDUCACION;163;USOS DE EDIFICACION;;;8;1
30;HOSPEDAJE;164;USOS DE EDIFICACION;;;9;1
30;SERVICIOS COMUNALES;165;USOS DE EDIFICACION;;;10;1
30;RECREACION Y DEPORTE;166;USOS DE EDIFICACION;;;11;1
30;TRANSPORTE Y COMUNICACIONES;167;USOS DE EDIFICACION;;;12;1
30;OTROS;168;USOS DE EDIFICACION;;;13;1
30;CAMPAMENTO MINERO;169;USOS DE EDIFICACION;;;14;1
31;Ha;170;UNIDADES DE MEDIDA LIQUIDACION;;;1;1
31;M2;171;UNIDADES DE MEDIDA LIQUIDACION;;;2;1
31;ML;172;UNIDADES DE MEDIDA LIQUIDACION;;;3;1
31;UN;173;UNIDADES DE MEDIDA LIQUIDACION;;;4;1
33;A.A.H.H.;176;TIPO SITIO;;;1;1
33;OTROS;177;TIPO SITIO;;;2;1
33;PP.JJ.;178;TIPO SITIO;;;3;1
33;URB.;179;TIPO SITIO;;;4;1
34;MZ.;180;TIPO ZONA;;;1;1
34;PARC.;181;TIPO ZONA;;;2;1
35;AV.;182;TIPO DIRECCION;;;1;1
35;CALLE;183;TIPO DIRECCION;;;2;1
35;ESQ.;184;TIPO DIRECCION;;;3;1
35;JR.;185;TIPO DIRECCION;;;4;1
35;OTROS;186;TIPO DIRECCION;;;5;1
35;PJE.;187;TIPO DIRECCION;;;6;1
36;USO RESIDENCIAL;188;TIPO HABILITACION URBANA;;;1;1
36;USO COMERCIAL;189;TIPO HABILITACION URBANA;;;2;1
36;EN RIVERAS Y LADERAS;190;TIPO HABILITACION URBANA;;;3;1
36;USO INDUSTRIAL;191;TIPO HABILITACION URBANA;;;4;1
36;USOS ESPECIALES;192;TIPO HABILITACION URBANA;;;5;1
36;REURBANIZACION;193;TIPO HABILITACION URBANA;;;6;1
36;OTROS;194;TIPO HABILITACION URBANA;;;7;1
38;CONSTATADOR;200;TIPO DE TRAMITE CON FINES DE CONSTRUCCION;;;1;1
38;PROYECTO DE SEGURIDAD;201;TIPO DE TRAMITE CON FINES DE CONSTRUCCION;;;2;1
38;RESIDENTE DE OBRA;202;TIPO DE TRAMITE CON FINES DE CONSTRUCCION;;;3;1
38;RESPONSABLE DE OBRA;203;TIPO DE TRAMITE CON FINES DE CONSTRUCCION;;;4;1
38;SUPERVISIÓN DE OBRA;204;TIPO DE TRAMITE CON FINES DE CONSTRUCCION;;;5;1
40;30 Días;206;VIGENCIA;;;1;1
40;90 Días;207;VIGENCIA;;;2;1
40;180 Días;209;VIGENCIA;;;3;1
41;PROYECTISTA INDIVIDUAL;211;TIPO DE PROYECTISTA;;;1;1
41;PROYECTISTA ASOCIADOS;212;TIPO DE PROYECTISTA;;;2;1
39;LIQUIDACIÓN;214;TIPO DE SOLICITUD;;;1;1
43;DISTRITAL;215;TIPO MUNICIPALIDAD;;;1;1
43;PROVINCIAL;216;TIPO MUNICIPALIDAD;;;2;1
43;ADHOC;217;TIPO MUNICIPALIDAD;;;3;1
44;LICENCIA DE FUNCIONAMIENTO;218;TIPO DE TRAMITE SIN FINES DE CONSTRUCCION;;;1;1
44;SUNARP;219;TIPO DE TRAMITE SIN FINES DE CONSTRUCCION;;;2;1
44;CONSULTORIA;220;TIPO DE TRAMITE SIN FINES DE CONSTRUCCION;;;3;1
44;ACREDITAR HABILITACION PROFESIONAL;221;TIPO DE TRAMITE SIN FINES DE CONSTRUCCION;;;4;1
45;TRAMITE PERSONAL;222;AUTORIZA TRAMITE;;;1;1
45;OTROS;223;AUTORIZA TRAMITE;;;2;1
46;EN EJERCICIO;224;ACTIVIDAD GREMIAL;;;1;1
46;SUSPENDIDO;225;ACTIVIDAD GREMIAL;;;2;1
33;FUNDO;226;TIPO SITIO;;;1;1
24;SIN DEFINIR;241;TIPO PROYECTO;;;1;1
36;SIN DEFINIR;244;TIPO HABILITACION URBANA;;;1;1
30;SIN DEFINIR;245;USOS DE EDIFICACION;;;1;1
47;REVISION PRIMERA INSTANCIA;246;INSTANCIAS DE REVISION;;;1;1
47;REVISION SEGUNDA INSTANCIA;248;INSTANCIAS DE REVISION;;;2;1
47;NULIDAD DE DICTAMEN;249;INSTANCIAS DE REVISION;;;3;1
47;REINTEGRO;250;INSTANCIAS DE REVISION;;;4;1
48;RANGO;251;TIPO CALCULO FORMATOS;;;1;1
48;MONTO FIJO;252;TIPO CALCULO FORMATOS;;;2;1
20;CREDITO SIN LETRA;253;FORMA DE PAGO;;;1;1
19;ABONO DIRECTO;254;CONDICION PAGO;;;1;1
19;CHEQUE;255;CONDICION PAGO;;;2;1
48;SIN DEFINIR;256;TIPO CALCULO FORMATOS;;;1;1
43;SIN DEFINIR;257;TIPO MUNICIPALIDAD;;;1;1
27;SIN DEFINIR;258;TIPO CALCULO DE LIQUIDACION;;;1;1
20;CREDITO CON LETRA;261;FORMA DE PAGO;;;1;1
20;CANJE;262;FORMA DE PAGO;;;2;1
49;BANCO CREDITO DEL PERU;263;BANCOS;;;1;1
49;BANCO INTERBANK;264;BANCOS;;;2;1
14;REGIONAL;265;SITUACION CLIENTE;;;1;1
14;PROVINCIA;266;SITUACION CLIENTE;;;2;1
50;PENDIENTE;267;SITUACION IMPORTACION BANCARIZACION;;;1;1
50;GENERADO;268;SITUACION IMPORTACION BANCARIZACION;;;2;1
11;EXONERADO;269;SITUACION CUOTAS ORDINARIAS;;;1;1
51;ANULACION DE LA OPERACION;270;TIPO NOTA CREDITO;;;1;1
51;ANULACION POR ERROR DE RUC;271;TIPO NOTA CREDITO;;;2;1
51;CORRECION POR ERROR EN LA DESCRIPCION;272;TIPO NOTA CREDITO;;;3;1
51;DESCUENTO GLOBAL;273;TIPO NOTA CREDITO;;;4;1
51;DESCUENTO POR ITEM;274;TIPO NOTA CREDITO;;;5;1
51;DEVOLUCION TOTAL;275;TIPO NOTA CREDITO;;;6;1
51;DEVOLUCION POR ITEM;276;TIPO NOTA CREDITO;;;7;1
51;DISMINUCION EN EL VALOR;277;TIPO NOTA CREDITO;;;8;1
52;AUMENTO EN EL VALOR;278;TIPO NOTA DEBITO;;;1;1
53;GRAVADO;279;TIPO AFECTACION;;;1;1
53;EXONERADO;280;TIPO AFECTACION;;;2;1
53;INAFECTO;281;TIPO AFECTACION;;;3;1
54;BOMBEROS;282;TIPO ADHOC;;;1;1
54;INDECI;283;TIPO ADHOC;;;2;1
54;MINISTERIO DE CULTURA;284;TIPO ADHOC;;;3;1
55;TITULAR COORDINADOR;285;CONDICION DELEGADO;;;1;1
55;TITULAR;286;CONDICION DELEGADO;;;2;1
55;SUPLENTE;287;CONDICION DELEGADO;;;3;1
56;PENDIENTE;288;ESTADO SESION;;;1;1
56;EN PROCESO;289;ESTADO SESION;;;2;1
56;CULMINADA;290;ESTADO SESION;;;3;1
57;CONFORME;291;ESTADO DICTAMEN;;;1;1
57;NO CONFORME;292;ESTADO DICTAMEN;;;2;1
57;FUNDADO;293;ESTADO DICTAMEN;;;3;1
57;INFUNDADO;294;ESTADO DICTAMEN;;;4;1
57;ACUERDO (AMPLIACION DE PLAZO);295;ESTADO DICTAMEN;;;5;1
53;GRAVADO PREMIO;296;TIPO AFECTACION;;;1;1
53;GRAVADO RETIRO TRABAJADOR;297;TIPO AFECTACION;;;2;1
58;GENERADO;298;SITUACION EXONERACION;;;1;1
58;ANULADO;299;SITUACION EXONERACION;;;2;1
59;GENERADO;300;SITUACION FRACCIONAMIENTO;;;1;1
59;ANULADO;301;SITUACION FRACCIONAMIENTO;;;2;1
60;CUOTA GREMIAL;302;TIPO DEUDA;;;1;1
60;MULTA;303;TIPO DEUDA;;;2;1
60;FRACCIONAMIENTO;304;TIPO DEUDA;;;3;1
27;N-REVISION;305;TIPO CALCULO DE LIQUIDACION;;;1;1
27;POR REPETICION DE MODULO TIPICO;306;TIPO CALCULO DE LIQUIDACION;;;2;1
33;ASOC.;307;TIPO SITIO;;;1;1
62;POR MULTA;308;TIPO MOTIVO SITUACION;;;1;1
62;POR SUSPENSION;309;TIPO MOTIVO SITUACION;;;2;1
62;POR CUOTA MOROSA;310;TIPO MOTIVO SITUACION;;;3;1
62;POR FRACCIONAMIENTO MOROSO;311;TIPO MOTIVO SITUACION;;;4;1
30;abc;332;USOS DE EDIFICACION;;;1;1
34;SIN DEFINIR;333;TIPO ZONA;;;1;1
63;LOCAL;334;UBICACION CLIENTE;;;1;1
63;PROVINCIA;335;UBICACION CLIENTE;;;2;1
63;EXTRANJERO;336;UBICACION CLIENTE;;;3;1
63;SIN DEFINIR;337;UBICACION CLIENTE;;;4;1
40;60 Días;338;VIGENCIA;;;1;1
38;SIN DEFINIR;339;TIPO DE TRAMITE CON FINES DE CONSTRUCCION;;;1;1
44;SIN DEFINIR;340;TIPO DE TRAMITE SIN FINES DE CONSTRUCCION;;;1;1
45;TRAMITE RESTRINGIDO;341;AUTORIZA TRAMITE;;;1;1
64;PENDIENTE;342;SITUACION COMPROBANTE POR COBRAR;;;1;1
64;CANCELADO;343;SITUACION COMPROBANTE POR COBRAR;;;2;1
64;ANULADO;344;SITUACION COMPROBANTE POR COBRAR;;;3;1
64;0;345;SITUACION COMPROBANTE POR COBRAR;;;4;1
64;0;346;SITUACION COMPROBANTE POR COBRAR;;;5;1
64;0;347;SITUACION COMPROBANTE POR COBRAR;;;6;1
64;0;348;SITUACION COMPROBANTE POR COBRAR;;;7;1
64;0;349;SITUACION COMPROBANTE POR COBRAR;;;8;1
64;0;350;SITUACION COMPROBANTE POR COBRAR;;;9;1
64;0;351;SITUACION COMPROBANTE POR COBRAR;;;10;1
64;0;352;SITUACION COMPROBANTE POR COBRAR;;;11;1
64;12047;353;SITUACION COMPROBANTE POR COBRAR;;;12;1
64;12047;354;SITUACION COMPROBANTE POR COBRAR;;;13;1
64;12047;355;SITUACION COMPROBANTE POR COBRAR;;;14;1
64;12047;356;SITUACION COMPROBANTE POR COBRAR;;;15;1
22;PENDIENTE;357;SITUACION DOCUMENTO VENTA;;;1;1
64;0;358;SITUACION COMPROBANTE POR COBRAR;;;1;1
64;0;359;SITUACION COMPROBANTE POR COBRAR;;;2;1
64;0;360;SITUACION COMPROBANTE POR COBRAR;;;3;1
64;0;361;SITUACION COMPROBANTE POR COBRAR;;;4;1
64;0;362;SITUACION COMPROBANTE POR COBRAR;;;5;1
64;0;363;SITUACION COMPROBANTE POR COBRAR;;;6;1
64;0;364;SITUACION COMPROBANTE POR COBRAR;;;7;1
64;12047;365;SITUACION COMPROBANTE POR COBRAR;;;8;1
64;12047;366;SITUACION COMPROBANTE POR COBRAR;;;9;1
64;12047;367;SITUACION COMPROBANTE POR COBRAR;;;10;1
64;12047;368;SITUACION COMPROBANTE POR COBRAR;;;11;1
64;12047;369;SITUACION COMPROBANTE POR COBRAR;;;12;1
65;PRE-COLEGIADO;370;TIPO DE AGREMIADO;;;1;1
65;COLEGIADO;371;TIPO DE AGREMIADO;;;2;1
12;SIN DEFINIR;372;PARENTESCO;;;1;1
55;EXTRA;373;CONDICION DELEGADO;;;1;1
66;Vigente;374;VIGENCIA INTEGRACION Y COMISION;;;1;1
66;No Vigente;375;VIGENCIA INTEGRACION Y COMISION;;;2;1
67;INTEGRACION;376;TIPO AGRUPACION MUNICIPALIDAD;;;1;1
67;ZONAL;377;TIPO AGRUPACION MUNICIPALIDAD;;;2;1
68;PAGO COORDINADOR;378;TIPO PARAMETRO;;;1;1
68;OTRO;381;TIPO PARAMETRO;;;2;1
69;COMISIÓN 01;382;COMISIONES DE DELEGATURA;;;1;1
69;COMISIÓN 02;383;COMISIONES DE DELEGATURA;;;2;1
69;COMISIÓN 03;384;COMISIONES DE DELEGATURA;;;3;1
69;COMISIÓN 04;385;COMISIONES DE DELEGATURA;;;4;1
69;COMISIÓN 05;386;COMISIONES DE DELEGATURA;;;5;1
69;COMISIÓN 06;387;COMISIONES DE DELEGATURA;;;6;1
69;COMISIÓN 07;388;COMISIONES DE DELEGATURA;;;7;1
69;COMISIÓN 08;390;COMISIONES DE DELEGATURA;;;8;1
69;COMISIÓN 09;391;COMISIONES DE DELEGATURA;;;9;1
70;LUNES;392;DIA DE LA SEMANA;;;1;1
70;MARTES;393;DIA DE LA SEMANA;;;2;1
70;MIÉRCOLES;394;DIA DE LA SEMANA;;;3;1
70;JUEVES;395;DIA DE LA SEMANA;;;4;1
70;VIERNES;396;DIA DE LA SEMANA;;;5;1
70;SÁBADO;397;DIA DE LA SEMANA;;;6;1
70;DOMINGO;398;DIA DE LA SEMANA;;;7;1
69;SIN DEFINIR;399;COMISIONES DE DELEGATURA;;;1;1
67;SIN DEFINIR;400;TIPO AGRUPACION MUNICIPALIDAD;;;1;1
71;PROGRAMADO;401;TIPO PROGRAMACION SESION;;;1;1
71;EXTRAORDINARIA;402;TIPO PROGRAMACION SESION;;;2;1
64;15010;403;SITUACION COMPROBANTE POR COBRAR;;;1;1
64;15010;404;SITUACION COMPROBANTE POR COBRAR;;;2;1
64;15010;405;SITUACION COMPROBANTE POR COBRAR;;;3;1
64;15010;406;SITUACION COMPROBANTE POR COBRAR;;;4;1
64;15010;407;SITUACION COMPROBANTE POR COBRAR;;;5;1
64;15010;408;SITUACION COMPROBANTE POR COBRAR;;;6;1
64;15010;409;SITUACION COMPROBANTE POR COBRAR;;;7;1
64;15010;410;SITUACION COMPROBANTE POR COBRAR;;;8;1
64;15010;411;SITUACION COMPROBANTE POR COBRAR;;;9;1
64;15010;412;SITUACION COMPROBANTE POR COBRAR;;;10;1
64;10105;413;SITUACION COMPROBANTE POR COBRAR;;;11;1
64;10105;414;SITUACION COMPROBANTE POR COBRAR;;;12;1
64;10105;415;SITUACION COMPROBANTE POR COBRAR;;;13;1
64;0;416;SITUACION COMPROBANTE POR COBRAR;;;14;1
29;SIN DEFINIR;424;TIPOS DE OBRA;;;1;1
59;APROBADO;425;SITUACION FRACCIONAMIENTO;;;1;1
58;APROBADO;426;SITUACION EXONERACION;;;1;1
43;ESPECIAL;427;TIPO MUNICIPALIDAD;;;1;1
72;ERP;428;TIPO ORIGEN DATO;;;1;1
72;TABLET;429;TIPO ORIGEN DATO;;;2;1
68;PORCENTAJE COMISION CAP;430;TIPO PARAMETRO;;;1;1
68;PORCENTAJE FONDO ASISTENCIA;431;TIPO PARAMETRO;;;2;1
68;PORCENTAJE RESERVA ACUERDO N° 5;432;TIPO PARAMETRO;;;3;1
73;MENSUAL;433;TIPO PLANILLA;;;1;1
73;COMPLEMENTARIA;434;TIPO PLANILLA;;;2;1
73;REINTEGRO;435;TIPO PLANILLA;;;3;1
74;REGULAR;436;TIPO REINTEGRO;;;1;1
74;COORDINADOR;437;TIPO REINTEGRO;;;2;1
74;MOVILIDAD;438;TIPO REINTEGRO;;;3;1
54;SIN DEFINIR;439;TIPO ADHOC;;;1;1
75;CURSOS DEL CONSEJO NACIONAL;440;MOTIVO SOLICITUD ADELANTO;;;1;1
75;CURSOS DEL CONSEJO REGIONAL LIMA;441;MOTIVO SOLICITUD ADELANTO;;;2;1
75;CUOTAS MENSUALES;442;MOTIVO SOLICITUD ADELANTO;;;3;1
75;BASES;443;MOTIVO SOLICITUD ADELANTO;;;4;1
75;CERTIFICADOS HABILITACION PROFESIONAL C/S FINES;444;MOTIVO SOLICITUD ADELANTO;;;5;1
75;OTROS;445;MOTIVO SOLICITUD ADELANTO;;;6;1
76;PENDIENTE DE DESCUENTO;446;ESTADO ADELANTO DELEGADOS;;;1;1
76;PARCIALMENTE DESCONTADO;447;ESTADO ADELANTO DELEGADOS;;;2;1
76;DESCONTADO;448;ESTADO ADELANTO DELEGADOS;;;3;1
77;APLICAR TRIBUTO;458;APLICA IMPUESTO 4TA;;;1;1
77;NO APLICAR TRIBUTO;459;APLICA IMPUESTO 4TA;;;2;1
77;APLICAR TRIBUTO AUNQUE SEA MENOR;460;APLICA IMPUESTO 4TA;;;3;1
77;EXONERADO DE TRIBUTO;461;APLICA IMPUESTO 4TA;;;4;1
78;ADELANTO HONORARIOS;462;CONCEPTOS DE ADELANTO PAGO;;;1;1
78;EXCESO DE PAGO;463;CONCEPTOS DE ADELANTO PAGO;;;2;1
78;PRESTAMO;464;CONCEPTOS DE ADELANTO PAGO;;;3;1
78;REINTEGRO DE SESION;465;CONCEPTOS DE ADELANTO PAGO;;;4;1
78;OTROS;466;CONCEPTOS DE ADELANTO PAGO;;;5;1
79;INFORMACION A COSIGNAR EN EL RPH;467;MOTIVO DE ENVIO;;;1;1
79;CANCELACION RECIBOS POR HONORARIO;473;MOTIVO DE ENVIO;;;2;1
80;EVENTO CON COSTO;475;TIPO DE EVENTO;;;1;1
80;EVENTO GRATUITO CON CERTIFICADO;476;TIPO DE EVENTO;;;2;1
80;EVENTO GRATUITO SIN CERTIFICADO;477;TIPO DE EVENTO;;;3;1
81;ENVIADO;478;ESTADO DE ENVIO EMAIL;;;1;1
81;NO ENVIADO;479;ESTADO DE ENVIO EMAIL;;;2;1
81;RECIVIDO;480;ESTADO DE ENVIO EMAIL;;;3;1
82;ABIERTO;481;SITUACION EVENTO;;;1;1
82;CERRADO;482;SITUACION EVENTO;;;2;1
38;CONSULTORIAS;483;TIPO DE TRAMITE CON FINES DE CONSTRUCCION;;;1;1
38;RESIDENCIAS;484;TIPO DE TRAMITE CON FINES DE CONSTRUCCION;;;2;1
38;SUPERVISIÓN Y/O EJECUCIÓN DE OBRAS;485;TIPO DE TRAMITE CON FINES DE CONSTRUCCION;;;3;1
35;;486;TIPO DIRECCION;;;1;1
19;EFECTIVO DOLARES;487;CONDICION PAGO;;;1;1
19;POR COBRAR;488;CONDICION PAGO;;;2;1
24;OTROS;489;TIPO PROYECTO;;;1;1
83;OTROS;490;DATOS TECNICOS OTROS;;;1;1
84;CERRADO;491;ESTADO LIQUIDACIONCERTIFICADO;;;1;1
84;ABIERTO;492;ESTADO LIQUIDACIONCERTIFICADO;;;2;1
84;ERRADO;493;ESTADO LIQUIDACIONCERTIFICADO;;;3;1
84;SIN DEFINIR;494;ESTADO LIQUIDACIONCERTIFICADO;;;4;1
69;COMISIÓN10;495;COMISIONES DE DELEGATURA;;;1;1
55;ALTERNO;496;CONDICION DELEGADO;;;1;1
55;T1 COORD;497;CONDICION DELEGADO;;;2;1
55;T 1;498;CONDICION DELEGADO;;;3;1
55;T 2;499;CONDICION DELEGADO;;;4;1
55;SUPL 1;500;CONDICION DELEGADO;;;5;1
55;SUPL 2;501;CONDICION DELEGADO;;;6;1
55;PROMOTORES;502;CONDICION DELEGADO;;;7;1
55;T A;503;CONDICION DELEGADO;;;8;1
55;T B;504;CONDICION DELEGADO;;;9;1
55;SP;505;CONDICION DELEGADO;;;10;1
55;SP A;506;CONDICION DELEGADO;;;11;1
55;SP B;507;CONDICION DELEGADO;;;12;1
55;SA;508;CONDICION DELEGADO;;;13;1
55;TB-C;509;CONDICION DELEGADO;;;14;1
55;CZ;510;CONDICION DELEGADO;;;15;1
55;SB;511;CONDICION DELEGADO;;;16;1
55;DELEGADO;512;CONDICION DELEGADO;;;17;1
55;AP;513;CONDICION DELEGADO;;;18;1
55;THU;514;CONDICION DELEGADO;;;19;1
57;CONFORME CON OBSERVACIONES;515;ESTADO DICTAMEN;;;1;1
57;IMPROCEDENTE;516;ESTADO DICTAMEN;;;2;1
11;ELIMINADO;517;SITUACION CUOTAS ORDINARIAS;;;1;1
11;NULO;518;SITUACION CUOTAS ORDINARIAS;;;2;1
19;CANJE;519;CONDICION PAGO;;;1;1
5;ESPAÑOL;521;NACIONALIDAD;;;1;1
5;FRANCES;522;NACIONALIDAD;;;2;1
5;ITALINO;523;NACIONALIDAD;;;3;1
5;ESTADOUNIDENSE;524;NACIONALIDAD;;;4;1
5;MEXICANO;525;NACIONALIDAD;;;5;1
5;BRASILEÑO;526;NACIONALIDAD;;;6;1
5;ECUATORIANO;527;NACIONALIDAD;;;7;1
5;VENEZOLANO;528;NACIONALIDAD;;;8;1
5;COLOMBIANO;529;NACIONALIDAD;;;9;1
5;BOLIVIANO;530;NACIONALIDAD;;;10;1
5;CHILENO;531;NACIONALIDAD;;;11;1
5;ARGENTINO;532;NACIONALIDAD;;;12;1
5;URUGUAYO;533;NACIONALIDAD;;;13;1
5;PARAGUAYO;534;NACIONALIDAD;;;14;1
5;CANADIENSE;535;NACIONALIDAD;;;15;1
5;PORTUGUES;536;NACIONALIDAD;;;16;1
5;CUBANO;537;NACIONALIDAD;;;17;1
5;CHINO;538;NACIONALIDAD;;;18;1
5;JAPONES;539;NACIONALIDAD;;;19;1
5;RUSO;540;NACIONALIDAD;;;20;1
19;AJUSTE DE CHEQUE;541;CONDICION PAGO;;;1;1
19;AJUSTE DE ABONO;542;CONDICION PAGO;;;2;1
19;PAGO LINK NIUBIZ;543;CONDICION PAGO;;;3;1
19;SISTEMA DE RECAUDACION INTERBANK;544;CONDICION PAGO;;;4;1
19;NIUBIZ POS;545;CONDICION PAGO;;;5;1
19;NIUBIZ PAGO WEB;546;CONDICION PAGO;;;6;1
85;ESCUELA TECNICA SUPERIOR DE ARQUITECTURA CORU A;1;UNIVERSIDAD;;;1;1
85;EXTRANJERO;2;UNIVERSIDAD;;;2;1
85;PILOTO DE COLOMBIA;3;UNIVERSIDAD;;;3;1
85;POLITECNICO DE MILANO;4;UNIVERSIDAD;;;4;1
85;PONTIFICIA UNIV. CATOLICA DE VALPARAISO;5;UNIVERSIDAD;;;5;1
85;PONTIFICIA UNIVERSIDAD CATOLICA DEL PERU;6;UNIVERSIDAD;;;6;1
85;UNIV. ALAS PERUANAS;7;UNIVERSIDAD;;;7;1
85;UNIV. CATOLICA DE SANTA MARIA;8;UNIVERSIDAD;;;8;1
85;UNIV. CIENTIFICA DEL PERU;9;UNIVERSIDAD;;;9;1
85;UNIV. ESTATAL DE GUAYAQUIL;10;UNIVERSIDAD;;;10;1
85;UNIV. JOSE ANTONIO ECHEVARRIA;11;UNIVERSIDAD;;;11;1
85;UNIV. NACIONAL JORGE BASADRE GROHMANN;12;UNIVERSIDAD;;;12;1
85;UNIV. NAVARRA;13;UNIVERSIDAD;;;13;1
85;UNIV. POLITECNICA CATALU A ESPA A;14;UNIVERSIDAD;;;14;1
85;UNIV. POLITECNICA DE MADRID;15;UNIVERSIDAD;;;15;1
85;UNIV. SAN IGNACIO DE LOYOLA;16;UNIVERSIDAD;;;16;1
85;UNIV. SAN PEDRO- CHIMBOTE;17;UNIVERSIDAD;;;17;1
85;UNIV.AUTONOMA DE GUADALAJARA;18;UNIVERSIDAD;;;18;1
85;UNIV.AUTONOMA DE PUEBLA;19;UNIVERSIDAD;;;19;1
85;UNIV.CATOLICA DE CHILE;20;UNIVERSIDAD;;;20;1
85;UNIV.CATOLICA DEL ECUADOR;21;UNIVERSIDAD;;;21;1
85;UNIV.CATOLICA NUESTRA SRA. DE LA ASUNCION;22;UNIVERSIDAD;;;22;1
85;UNIV.CENTRAL DE VENEZUELA;23;UNIVERSIDAD;;;23;1
85;UNIV.CESAR VALLEJO;24;UNIVERSIDAD;;;24;1
85;UNIV.DE ARQUITECTURA DE MOSCU;25;UNIVERSIDAD;;;25;1
85;UNIV.DE BRASILIA;26;UNIVERSIDAD;;;26;1
85;UNIV.DE BUENOS AIRES;27;UNIVERSIDAD;;;27;1
85;UNIV.DE CAMAGUEY;29;UNIVERSIDAD;;;29;1
85;UNIV.DE GAMA FILHO;30;UNIVERSIDAD;;;30;1
85;UNIV.DE MIAMI;31;UNIVERSIDAD;;;31;1
85;UNIV.DE MINAS GERAIS;32;UNIVERSIDAD;;;32;1
85;UNIV.DE TEXAS (AUSTIN);33;UNIVERSIDAD;;;33;1
85;UNIV.DEL ALTIPLANO;34;UNIVERSIDAD;;;34;1
85;UNIV.DEL VALLE;35;UNIVERSIDAD;;;35;1
85;UNIV.FEDERAL DE PELOTAS;36;UNIVERSIDAD;;;36;1
85;UNIV.FEDERAL DO RIO GRANDE DO NORTE;37;UNIVERSIDAD;;;37;1
85;UNIV.FEMENINA DEL SAGRADO CORAZON;38;UNIVERSIDAD;;;38;1
85;UNIV.MAYOR DE SAN ANDRES DE BOLIVIA;39;UNIVERSIDAD;;;39;1
85;UNIV.MAYOR DE SAN SIMON;40;UNIVERSIDAD;;;40;1
85;UNIV.NACIONAL DE ARQUITECTURA E ING. CIVIL DE JARKOV;41;UNIVERSIDAD;;;41;1
85;UNIV.NACIONAL DE COLOMBIA;42;UNIVERSIDAD;;;42;1
85;UNIV.NACIONAL DE CORDOVA - ARGENTINA;43;UNIVERSIDAD;;;43;1
85;UNIV.NACIONAL DE INGENIERIA;44;UNIVERSIDAD;;;44;1
85;UNIV.NACIONAL DE LA PLATA;45;UNIVERSIDAD;;;45;1
85;UNIV.NACIONAL DE PIURA;46;UNIVERSIDAD;;;46;1
85;UNIV.NACIONAL DE SAN JUAN DE ARGENTINA;47;UNIVERSIDAD;;;47;1
85;UNIV.NACIONAL DEL CENTRO DEL PERU;48;UNIVERSIDAD;;;48;1
85;UNIV.NACIONAL EXPERIMENTAL DEL TACHIRA;50;UNIVERSIDAD;;;50;1
85;UNIV.NACIONAL FEDERICO VILLAREAL;51;UNIVERSIDAD;;;51;1
85;UNIV.NACIONAL LOS ANDES;52;UNIVERSIDAD;;;52;1
85;UNIV.NACIONAL SAN AGUSTIN DE AREQUIPA;53;UNIVERSIDAD;;;53;1
85;UNIV.NACIONAL SAN ANTONIO DE ABAD DEL CUSCO;54;UNIVERSIDAD;;;54;1
85;UNIV.PARTICULAR DE CHICLAYO;55;UNIVERSIDAD;;;55;1
85;UNIV.PEDRO RUIZ GALLO;56;UNIVERSIDAD;;;56;1
85;UNIV.PERUANA DE CIENCIAS APLICADAS;57;UNIVERSIDAD;;;57;1
85;UNIV.PRIVADA ANTENOR ORREGO DE TRUJILLO;58;UNIVERSIDAD;;;58;1
85;UNIV.PRIVADA DE TACNA;59;UNIVERSIDAD;;;59;1
85;UNIV.PRIVADA DEL NORTE;60;UNIVERSIDAD;;;60;1
85;UNIV.RICARDO PALMA;61;UNIVERSIDAD;;;61;1
85;UNIVERSIDAD DE CHILE;62;UNIVERSIDAD;;;62;1
85;UNIVERSIDAD DE HUANUCO;63;UNIVERSIDAD;;;63;1
85;UNIVERSIDAD DE PALERMO;64;UNIVERSIDAD;;;64;1
85;UNIVERSIDAD METROPOLITANA DE MANCHESTER - INGLATER;65;UNIVERSIDAD;;;65;1
85;UNIVERSIDAD SAN MARTIN DE PORRES;66;UNIVERSIDAD;;;66;1
85;UNIVERSITA DELLA SVIZZERA ITALIANA;67;UNIVERSIDAD;;;67;1
85;Universidad Metropolitana de Manchester - Inglaterra;68;UNIVERSIDAD;;;68;1
85;UNIV.NACIONAL PEDRO RUIZ GALLO;69;UNIVERSIDAD;;;69;1
85;PRINCETON UNIVERSITY;70;UNIVERSIDAD;;;70;1
85;UNIV.SAN PABLO CEU;71;UNIVERSIDAD;;;71;1
85;UNIVERSIDAD POLIT CNICA DE VAL NCIA ;72;UNIVERSIDAD;;;72;1
85;UNIVERSIDAD T CNICA DE LISBOA ;73;UNIVERSIDAD;;;73;1
85;THE COOPERUNION FORTHE ADVANCEMENT;74;UNIVERSIDAD;;;74;1
85;UNIV.PRIVADA TELESUP;75;UNIVERSIDAD;;;75;1
85;UNIV. PRIVADA ANTENOR ORREGO;76;UNIVERSIDAD;;;76;1
85;UNIVERSIDAD PERUANA UNION;77;UNIVERSIDAD;;;77;1
85;ESCUELA DE AUQUITECTURA DE VERSALLES;78;UNIVERSIDAD;;;78;1
85;UNIVERSIDAD FRANCISCO DE PAULA SANTANDER;79;UNIVERSIDAD;;;79;1
85;UNIVERSIDAD CENTRAL DE VENEZUELA;80;UNIVERSIDAD;;;80;1
85;UNIVERSIDAD NACIONAL DE SAN AGUSTIN DE AREQUIPA;81;UNIVERSIDAD;;;81;1
85;CATOLICA SANTO TORIBIO DE MOGROVEJO;82;UNIVERSIDAD;;;82;1
85;UNIVERSIDAD DE LIMA;83;UNIVERSIDAD;;;83;1
85;UNIVERSIDAD NACIONAL HERMILIO VALDIZAN;84;UNIVERSIDAD;;;84;1
85;UNIVERSIDAD PERUANA LOS ANDES;85;UNIVERSIDAD;;;85;1
85;UNIVERSIDAD SE OR DE SIPAN;86;UNIVERSIDAD;;;86;1
85;UNIV. NACIONAL DEL CALLAO;87;UNIVERSIDAD;;;87;1
85;UNIVERSIDAD PRIVADA CESAR VALLEJO - TRUJILLO;88;UNIVERSIDAD;;;88;1
85;UNIVERSIDAD CONTINENTAL;89;UNIVERSIDAD;;;89;1
85;UNIVERSIDAD CATOLICA SEDES SAPIENTIAE;90;UNIVERSIDAD;;;90;1
85;Universidad Tecnol gica del Per  ;91;UNIVERSIDAD;;;91;1
85;UNIVERSIDAD NACIONAL DE SAN MARTIN;92;UNIVERSIDAD;;;92;1
85;UNIVERSIDAD DE GRANADA;93;UNIVERSIDAD;;;93;1
85;CELESTE;94;UNIVERSIDAD;;;94;1
85;UNIV. ARISTOTELES DE TESALONICA - GRECIA;95;UNIVERSIDAD;;;95;1
85;UNIV. PRIVADA DEL NORTE - SEDE CAJAMARCA;96;UNIVERSIDAD;;;96;1
85;PONTIFICIA UNIV. CATOLICA DE MINAS GERAIS;97;UNIVERSIDAD;;;97;1
85;UNIV. CATOLICA DE HONDURAS;98;UNIVERSIDAD;;;98;1
85;UNIV. DE LAS PALMAS DE GRAN CANARIA ;99;UNIVERSIDAD;;;99;1
85;ECOLE NATIONALE SUPERIEURE D ARCHITECTURE PAIS MAL;100;UNIVERSIDAD;;;100;1
85;UNIVERSIDAD CATOLICA BOLIVIANA SAN PABLO;101;UNIVERSIDAD;;;101;1
85;UNIVERSIDAD ANHEMBI MORUMBI - BRASIL ;102;UNIVERSIDAD;;;102;1
85;TULANE UNIVERSITY;103;UNIVERSIDAD;;;103;1
85;ECOLES NATIONAL SUPERIEUR D ARCHITECTUE DE MONTPEL;104;UNIVERSIDAD;;;104;1
85;ESCUELA TECNIA SUPERIOR DE ARQUITECTURA DE VALENCI;105;UNIVERSIDAD;;;105;1
85;UNIV. ANDINA NESTOR CACERES VELASQUEZ ;106;UNIVERSIDAD;;;106;1
85;UNIVERSIDAD DE SEVILLA;107;UNIVERSIDAD;;;107;1
85;TECNOLOGICA DE COSTA RICA;108;UNIVERSIDAD;;;108;1
85;UNIVERSIDAD NACIONAL SAN LUIS GONZAGA - ICA;109;UNIVERSIDAD;;;109;1
86;ARQUITECTURA;1;ESPECIALIDAD;1;;1;1
86;ARQUITECTURA;2;ESPECIALIDAD;2;;2;1
86;ARQUITECTURA;3;ESPECIALIDAD;3;;3;1
86;ARQUITECTURA;4;ESPECIALIDAD;4;;4;1
86;ARQUITECTURA;5;ESPECIALIDAD;5;;5;1
86;ARQUITECTURA;6;ESPECIALIDAD;6;;6;1
86;ARQUITECTURA;7;ESPECIALIDAD;7;;7;1
86;ARQUITECTURA;8;ESPECIALIDAD;8;;8;1
86;ARQUITECTURA;9;ESPECIALIDAD;9;;9;1
86;ARQUITECTURA;10;ESPECIALIDAD;10;;10;1
86;ARQUITECTURA;11;ESPECIALIDAD;11;;11;1
86;ARQUITECTURA;12;ESPECIALIDAD;12;;12;1
86;ARQUITECTURA;13;ESPECIALIDAD;13;;13;1
86;ARQUITECTURA;14;ESPECIALIDAD;14;;14;1
86;ARQUITECTURA;15;ESPECIALIDAD;15;;15;1
86;ARQUITECTURA;16;ESPECIALIDAD;16;;16;1
86;ARQUITECTURA;17;ESPECIALIDAD;17;;17;1
86;ARQUITECTURA;18;ESPECIALIDAD;18;;18;1
86;ARQUITECTURA;19;ESPECIALIDAD;19;;19;1
86;ARQUITECTURA;20;ESPECIALIDAD;20;;20;1
86;ARQUITECTURA;21;ESPECIALIDAD;21;;21;1
86;ARQUITECTURA;22;ESPECIALIDAD;22;;22;1
86;ARQUITECTURA;23;ESPECIALIDAD;23;;23;1
86;ARQUITECTURA;24;ESPECIALIDAD;24;;24;1
86;ARQUITECTURA;25;ESPECIALIDAD;25;;25;1
86;ARQUITECTURA;26;ESPECIALIDAD;26;;26;1
86;ARQUITECTURA;27;ESPECIALIDAD;27;;27;1
86;ARQUITECTURA;29;ESPECIALIDAD;29;;28;1
86;ARQUITECTURA;30;ESPECIALIDAD;30;;29;1
86;ARQUITECTURA;31;ESPECIALIDAD;31;;30;1
86;ARQUITECTURA;32;ESPECIALIDAD;32;;31;1
86;ARQUITECTURA;33;ESPECIALIDAD;33;;32;1
86;ARQUITECTURA;34;ESPECIALIDAD;34;;33;1
86;ARQUITECTURA;35;ESPECIALIDAD;35;;34;1
86;ARQUITECTURA;36;ESPECIALIDAD;36;;35;1
86;ARQUITECTURA;37;ESPECIALIDAD;37;;36;1
86;ARQUITECTURA;38;ESPECIALIDAD;38;;37;1
86;ARQUITECTURA;39;ESPECIALIDAD;39;;38;1
86;ARQUITECTURA;40;ESPECIALIDAD;40;;39;1
86;ARQUITECTURA;41;ESPECIALIDAD;41;;40;1
86;ARQUITECTURA;42;ESPECIALIDAD;42;;41;1
86;ARQUITECTURA;43;ESPECIALIDAD;43;;42;1
86;ARQUITECTURA;44;ESPECIALIDAD;44;;43;1
86;ARQUITECTURA;45;ESPECIALIDAD;45;;44;1
86;ARQUITECTURA;46;ESPECIALIDAD;46;;45;1
86;ARQUITECTURA;47;ESPECIALIDAD;47;;46;1
86;ARQUITECTURA;48;ESPECIALIDAD;48;;47;1
86;ARQUITECTURA;50;ESPECIALIDAD;50;;48;1
86;ARQUITECTURA;51;ESPECIALIDAD;51;;49;1
86;ARQUITECTURA;52;ESPECIALIDAD;52;;50;1
86;ARQUITECTURA;53;ESPECIALIDAD;53;;51;1
86;ARQUITECTURA;54;ESPECIALIDAD;54;;52;1
86;ARQUITECTURA;55;ESPECIALIDAD;55;;53;1
86;ARQUITECTURA;56;ESPECIALIDAD;56;;54;1
86;ARQUITECTURA;57;ESPECIALIDAD;57;;55;1
86;ARQUITECTURA;58;ESPECIALIDAD;58;;56;1
86;ARQUITECTURA;59;ESPECIALIDAD;59;;57;1
86;ARQUITECTURA;60;ESPECIALIDAD;60;;58;1
86;ARQUITECTURA;61;ESPECIALIDAD;61;;59;1
86;ARQUITECTURA;62;ESPECIALIDAD;62;;60;1
86;ARQUITECTURA;63;ESPECIALIDAD;63;;61;1
86;ARQUITECTURA;64;ESPECIALIDAD;64;;62;1
86;ARQUITECTURA;65;ESPECIALIDAD;65;;63;1
86;ARQUITECTURA;66;ESPECIALIDAD;66;;64;1
86;ARQUITECTURA;67;ESPECIALIDAD;67;;65;1
86;INSPECTOR TECNICO EN DEFENSA CIVIL;68;ESPECIALIDAD;48;;66;1
86;INSPECTOR TECNICO EN DEFENSA CIVIL;69;ESPECIALIDAD;55;;67;1
86;INSPECTOR TECNICO EN DEFENSA CIVIL;70;ESPECIALIDAD;52;;68;1
86;INSPECTOR TECNICO EN DEFENSA CIVIL;71;ESPECIALIDAD;38;;69;1
86;INSPECTOR TECNICO EN DEFENSA CIVIL;72;ESPECIALIDAD;44;;70;1
86;INSPECTOR TECNICO EN DEFENSA CIVIL;73;ESPECIALIDAD;53;;71;1
86;INSPECTOR TECNICO EN DEFENSA CIVIL;74;ESPECIALIDAD;61;;72;1
86;MAESTRO EN VALUACION;75;ESPECIALIDAD;19;;73;1
86;ARQUITECTURA;77;ESPECIALIDAD;69;;74;1
86;ARQUITECTURA;78;ESPECIALIDAD;70;;75;1
86;ARQUITECTURA;79;ESPECIALIDAD;71;;76;1
86;ARQUITECTURA;80;ESPECIALIDAD;72;;77;1
86;ARQUITECTURA;81;ESPECIALIDAD;73;;78;1
86;ARQUITECTURA;82;ESPECIALIDAD;74;;79;1
86;ARQUITECTURA;83;ESPECIALIDAD;75;;80;1
86;ARQUITECTURA;84;ESPECIALIDAD;76;;81;1
86;ARQUITECTURA;85;ESPECIALIDAD;77;;82;1
86;ARQUITECTURA;86;ESPECIALIDAD;78;;83;1
86;ARQUITECTURA;87;ESPECIALIDAD;79;;84;1
86;ARQUITECTURA;88;ESPECIALIDAD;80;;85;1
86;ARQUITECTURA;89;ESPECIALIDAD;81;;86;1
86;ARQUITECTURA;90;ESPECIALIDAD;82;;87;1
86;ARQUITECTURA;91;ESPECIALIDAD;83;;88;1
86;ARQUITECTURA;92;ESPECIALIDAD;84;;89;1
86;ARQUITECTURA;93;ESPECIALIDAD;85;;90;1
86;ARQUITECTURA;94;ESPECIALIDAD;86;;91;1
86;ARQUITECTURA;95;ESPECIALIDAD;88;;92;1
86;ARQUITECTURA;96;ESPECIALIDAD;89;;93;1
86;ARQUITECTURA;97;ESPECIALIDAD;92;;94;1
86;ARQUITECTURA;98;ESPECIALIDAD;93;;95;1
86;ARQUITECTURA;99;ESPECIALIDAD;95;;96;1
86;ARQUITECTURA;100;ESPECIALIDAD;96;;97;1
86;ARQUITECTURA;101;ESPECIALIDAD;97;;98;1
86;ARQUITECTURA;102;ESPECIALIDAD;98;;99;1
86;ARQUITECTURA;103;ESPECIALIDAD;99;;100;1
86;ARQUITECTURA;104;ESPECIALIDAD;100;;101;1
86;ARQUITECTURA;105;ESPECIALIDAD;101;;102;1
86;ARQUITECTURA;106;ESPECIALIDAD;102;;103;1
86;ARQUITECTURA;107;ESPECIALIDAD;103;;104;1
86;ARQUITECTURA;108;ESPECIALIDAD;104;;105;1
86;ARQUITECTURA;109;ESPECIALIDAD;105;;106;1
86;ARQUTIECTURA;110;ESPECIALIDAD;106;;107;1
86;ARQUITECTURA;111;ESPECIALIDAD;107;;108;1
86;ARQUITECTURA;112;ESPECIALIDAD;108;;109;1
86;ARQUITECTURA;113;ESPECIALIDAD;109;;110;1
87;INGLES;1;IDIOMA;;;1;1
87;FRANCES;2;IDIOMA;;;2;1
87;ITALIANO;3;IDIOMA;;;3;1
87;PORTUGUES;4;IDIOMA;;;4;1
87;ALEMAN;5;IDIOMA;;;5;1
87;JAPONES;6;IDIOMA;;;6;1
87;QUECHUA;7;IDIOMA;;;7;1
87;TURCO;8;IDIOMA;;;8;1
87;HEBREO;9;IDIOMA;;;9;1
87;ESLOVENO;10;IDIOMA;;;10;1
87;CATALAN;11;IDIOMA;;;11;1
87;RUSO;12;IDIOMA;;;12;1
87;UCRANIANO;13;IDIOMA;;;13;1
87;HOLANDES;14;IDIOMA;;;14;1
87;PAPIAMENTO;15;IDIOMA;;;15;1
87;CHINO MANDARIN;16;IDIOMA;;;16;1
87;COREANO;17;IDIOMA;;;17;1
88;SIN DEFINIR;1;PAIS;;   ;1;1
88;Afganist n;4;PAIS;;AFG;2;1
88;Albania;8;PAIS;;ALB;3;1
88;Alemania;276;PAIS;;DEU;4;1
88;Andorra;20;PAIS;;AND;5;1
88;Angola;24;PAIS;;AGO;6;1
88;Anguila;660;PAIS;;AIA;7;1
88;Ant rtida;672;PAIS;;ATA;8;1
88;Antigua y Barbuda;28;PAIS;;ATG;9;1
88;Antillas Neerlandesas;530;PAIS;;ANT;10;1
88;Arabia Saudita;682;PAIS;;SAU;11;1
88;Argelia;12;PAIS;;DZA;12;1
88;Argentina;32;PAIS;;ARG;13;1
88;Armenia;51;PAIS;;ARM;14;1
88;Aruba;533;PAIS;;ABW;15;1
88;Australia;36;PAIS;;AUS;16;1
88;Austria;40;PAIS;;AUT;17;1
88;Azerbaiy n;31;PAIS;;AZE;18;1
88;Bahamas;44;PAIS;;BHS;19;1
88;Bar in;48;PAIS;;BHR;20;1
88;Banglad s;50;PAIS;;BGD;21;1
88;Barbados;52;PAIS;;BRB;22;1
88;Bielorrusia;112;PAIS;;BLR;23;1
88;B lgica;56;PAIS;;BEL;24;1
88;Belice;84;PAIS;;BLZ;25;1
88;Ben n;204;PAIS;;BEN;26;1
88;Bermudas;60;PAIS;;BMU;27;1
88;Bolivia;68;PAIS;;BOL;28;1
88;Bosnia y Herzegovina;70;PAIS;;BIH;29;1
88;Botsuana;72;PAIS;;BWA;30;1
88;Brasil;76;PAIS;;BRA;31;1
88;Brun i;96;PAIS;;BRN;32;1
88;Bulgaria;100;PAIS;;BGR;33;1
88;Burkina Faso;854;PAIS;;BFA;34;1
88;Burundi;108;PAIS;;BDI;35;1
88;But n;64;PAIS;;BTN;36;1
88;Cabo Verde;132;PAIS;;CPV;37;1
88;Camboya;116;PAIS;;KHM;38;1
88;Camer n;120;PAIS;;CMR;39;1
88;Canad ;124;PAIS;;CAN;40;1
88;Caribe Neerland s;535;PAIS;;BES;41;1
88;Chad;148;PAIS;;TCD;42;1
88;Chile;152;PAIS;;CHL;43;1
88;China;156;PAIS;;CHN;44;1
88;Chipre;196;PAIS;;CYP;45;1
88;Ciudad del Vaticano;336;PAIS;;VAT;46;1
88;Colombia;170;PAIS;;COL;47;1
88;Comoras;174;PAIS;;COM;48;1
88;Corea del Norte;408;PAIS;;PRK;49;1
88;Corea del Sur;410;PAIS;;KOR;50;1
88;Costa de Marfil;384;PAIS;;CIV;51;1
88;Costa Rica;188;PAIS;;CRI;52;1
88;Croacia;191;PAIS;;HRV;53;1
88;Cuba;192;PAIS;;CUB;54;1
88;Curazao;531;PAIS;;CUW;55;1
88;Dinamarca;208;PAIS;;DNK;56;1
88;Dominica;212;PAIS;;DMA;57;1
88;Ecuador;218;PAIS;;ECU;58;1
88;Egipto;818;PAIS;;EGY;59;1
88;El Salvador;222;PAIS;;SLV;60;1
88;Emiratos  rabes Unidos;784;PAIS;;ARE;61;1
88;Eritrea;232;PAIS;;ERI;62;1
88;Eslovaquia;703;PAIS;;SVK;63;1
88;Eslovenia;705;PAIS;;SVN;64;1
88;Espa a;724;PAIS;;ESP;65;1
88;Estados Unidos;840;PAIS;;USA;66;1
88;Estonia;233;PAIS;;EST;67;1
88;Etiop a;231;PAIS;;ETH;68;1
88;Filipinas;608;PAIS;;PHL;69;1
88;Finlandia;246;PAIS;;FIN;70;1
88;Fiyi;242;PAIS;;FJI;71;1
88;Francia;250;PAIS;;FRA;72;1
88;Gab n;266;PAIS;;GAB;73;1
88;Gambia;270;PAIS;;GMB;74;1
88;Georgia;268;PAIS;;GEO;75;1
88;Ghana;288;PAIS;;GHA;76;1
88;Gibraltar;292;PAIS;;GIB;77;1
88;Granada;308;PAIS;;GRD;78;1
88;Grecia;300;PAIS;;GRC;79;1
88;Groenlandia;304;PAIS;;GRL;80;1
88;Guadalupe;312;PAIS;;GLP;81;1
88;Guam;316;PAIS;;GUM;82;1
88;Guatemala;320;PAIS;;GTM;83;1
88;Guyana;328;PAIS;;GUY;84;1
88;Guayana Francesa;254;PAIS;;GUF;85;1
88;Guernsey;831;PAIS;;GGY;86;1
88;Guinea;324;PAIS;;GIN;87;1
88;Guinea Ecuatorial;226;PAIS;;GNQ;88;1
88;Guinea-Bis u;624;PAIS;;GNB;89;1
88;Hait ;332;PAIS;;HTI;90;1
88;Honduras;340;PAIS;;HND;91;1
88;Hong Kong;344;PAIS;;HKG;92;1
88;Hungr a;348;PAIS;;HUN;93;1
88;India;356;PAIS;;IND;94;1
88;Indonesia;360;PAIS;;IDN;95;1
88;Irak;368;PAIS;;IRQ;96;1
88;Ir n;364;PAIS;;IRN;97;1
88;Irlanda;372;PAIS;;IRL;98;1
88;Isla Bouvet;74;PAIS;;BVT;99;1
88;Isla de Man;833;PAIS;;IMN;100;1
88;Isla Norfolk;574;PAIS;;NFK;101;1
88;Isla de Navidad;162;PAIS;;CXR;102;1
88;Islandia;352;PAIS;;ISL;103;1
88;Islas  land;248;PAIS;;ALA;104;1
88;Islas Caim n;136;PAIS;;CYM;105;1
88;Islas Cocos;166;PAIS;;CCK;106;1
88;Islas Cook;184;PAIS;;COK;107;1
88;Islas Feroe;234;PAIS;;FRO;108;1
88;Islas Georgias del Sur y Sandwich del Sur;239;PAIS;;SGS;109;1
88;Islas Heard y McDonald;334;PAIS;;HMD;110;1
88;Islas Malvinas;238;PAIS;;FLK;111;1
88;Islas Marianas del Norte;580;PAIS;;MNP;112;1
88;Islas Marshall;584;PAIS;;MHL;113;1
88;Islas Pitcairn;612;PAIS;;PCN;114;1
88;Islas Salom n;90;PAIS;;SLB;115;1
88;Islas Turcas y Caicos;796;PAIS;;TCA;116;1
88;Islas ultramarinas de Estados Unidos;581;PAIS;;UMI;117;1
88;Islas V rgenes Brit nicas;92;PAIS;;VGB;118;1
88;Islas V rgenes de los Estados Unidos;850;PAIS;;VIR;119;1
88;Israel;376;PAIS;;ISR;120;1
88;Italia;380;PAIS;;ITA;121;1
88;Jamaica;388;PAIS;;JAM;122;1
88;Jap n;392;PAIS;;JPN;123;1
88;Jersey;832;PAIS;;JEY;124;1
88;Jordania;400;PAIS;;JOR;125;1
88;Kazajist n;398;PAIS;;KAZ;126;1
88;Kenia;404;PAIS;;KEN;127;1
88;Kirguist n;417;PAIS;;KGZ;128;1
88;Kiribati;296;PAIS;;KIR;129;1
88;Kuwait;414;PAIS;;KWT;130;1
88;Laos;418;PAIS;;LAO;131;1
88;Lesoto;426;PAIS;;LSO;132;1
88;Letonia;428;PAIS;;LVA;133;1
88;L bano;422;PAIS;;LBN;134;1
88;Liberia;430;PAIS;;LBR;135;1
88;Libia;434;PAIS;;LBY;136;1
88;Liechtenstein;438;PAIS;;LIE;137;1
88;Lituania;440;PAIS;;LTU;138;1
88;Luxemburgo;442;PAIS;;LUX;139;1
88;Macao;446;PAIS;;MAC;140;1
88;Madagascar;450;PAIS;;MDG;141;1
88;Malasia;458;PAIS;;MYS;142;1
88;Malaui;454;PAIS;;MWI;143;1
88;Maldivas;462;PAIS;;MDV;144;1
88;Mal ;466;PAIS;;MLI;145;1
88;Malta;470;PAIS;;MLT;146;1
88;Marruecos;504;PAIS;;MAR;147;1
88;Martinica;474;PAIS;;MTQ;148;1
88;Mauricio;480;PAIS;;MUS;149;1
88;Mauritania;478;PAIS;;MRT;150;1
88;Mayotte;175;PAIS;;MYT;151;1
88;M xico;484;PAIS;;MEX;152;1
88;Micronesia;583;PAIS;;FSM;153;1
88;Moldavia;498;PAIS;;MDA;154;1
88;M naco;492;PAIS;;MCO;155;1
88;Mongolia;496;PAIS;;MNG;156;1
88;Montenegro;499;PAIS;;MNE;157;1
88;Montserrat;500;PAIS;;MSR;158;1
88;Mozambique;508;PAIS;;MOZ;159;1
88;Myanmar (Birmania);104;PAIS;;MMR;160;1
88;Namibia;516;PAIS;;NAM;161;1
88;Nauru;520;PAIS;;NRU;162;1
88;Nepal;524;PAIS;;NPL;163;1
88;Nicaragua;558;PAIS;;NIC;164;1
88;N ger;562;PAIS;;NER;165;1
88;Nigeria;566;PAIS;;NGA;166;1
88;Niue;570;PAIS;;NIU;167;1
88;Noruega;578;PAIS;;NOR;168;1
88;Nueva Caledonia;540;PAIS;;NCL;169;1
88;Nueva Zelanda;554;PAIS;;NZL;170;1
88;Om n;512;PAIS;;OMN;171;1
88;Pa ses Bajos;528;PAIS;;NLD;172;1
88;Pakist n;586;PAIS;;PAK;173;1
88;Palaos;585;PAIS;;PLW;174;1
88;Estado de Palestina;275;PAIS;;PSE;175;1
88;Panam ;591;PAIS;;PAN;176;1
88;Pap a Nueva Guinea;598;PAIS;;PNG;177;1
88;Paraguay;600;PAIS;;PRY;178;1
88;Per ;604;PAIS;;PER;179;1
88;Polinesia Francesa;258;PAIS;;PYF;180;1
88;Polonia;616;PAIS;;POL;181;1
88;Portugal;620;PAIS;;PRT;182;1
88;Puerto Rico;630;PAIS;;PRI;183;1
88;Catar;634;PAIS;;QAT;184;1
88;Reino Unido;826;PAIS;;GBR;185;1
88;Rep blica Centroafricana;140;PAIS;;CAF;186;1
88;Rep blica Checa;203;PAIS;;CZE;187;1
88;Rep blica de Macedonia;807;PAIS;;MKD;188;1
88;Rep blica del Congo;178;PAIS;;COG;189;1
88;Rep blica Democr tica del Congo;180;PAIS;;COD;190;1
88;Rep blica Dominicana;214;PAIS;;DOM;191;1
88;Reuni n;638;PAIS;;REU;192;1
88;Ruanda;646;PAIS;;RWA;193;1
88;Rumania;642;PAIS;;ROU;194;1
88;Rusia;643;PAIS;;RUS;195;1
88;Sahara Occidental;732;PAIS;;ESH;196;1
88;San Bartolom ;652;PAIS;;BLM;197;1
88;San Mart n;663;PAIS;;MAF;198;1
88;Samoa;882;PAIS;;WSM;199;1
88;Samoa Americana;16;PAIS;;ASM;200;1
88;San Crist bal y Nieves;659;PAIS;;KNA;201;1
88;San Marino;674;PAIS;;SMR;202;1
88;San Pedro y Miquel n;666;PAIS;;SPM;203;1
88;San Vicente y las Granadinas;670;PAIS;;VCT;204;1
88;Santa Helena, A. y T.;654;PAIS;;SHN;205;1
88;Santa Luc a;662;PAIS;;LCA;206;1
88;Santo Tom  y Pr ncipe;678;PAIS;;STP;207;1
88;Senegal;686;PAIS;;SEN;208;1
88;Serbia;688;PAIS;;SRB;209;1
88;Seychelles;690;PAIS;;SYC;210;1
88;Sierra Leona;694;PAIS;;SLE;211;1
88;Singapur;702;PAIS;;SGP;212;1
88;Sint Maarten;663;PAIS;;SXM;213;1
88;Siria;760;PAIS;;SYR;214;1
88;Somalia;706;PAIS;;SOM;215;1
88;Sri Lanka;144;PAIS;;LKA;216;1
88;Suazilandia;748;PAIS;;SWZ;217;1
88;Sud frica;710;PAIS;;ZAF;218;1
88;Sud n;729;PAIS;;SDN;219;1
88;Sud n del Sur;728;PAIS;;SSD;220;1
88;Suecia;752;PAIS;;SWE;221;1
88;Suiza;756;PAIS;;CHE;222;1
88;Surinam;740;PAIS;;SUR;223;1
88;Svalbard y Jan Mayen;744;PAIS;;SJM;224;1
88;Tailandia;764;PAIS;;THA;225;1
88;Taiw n;158;PAIS;;TWN;226;1
88;Tanzania;834;PAIS;;TZA;227;1
88;Tayikist n;762;PAIS;;TJK;228;1
88;Territorio Brit nico del Oc ano  ndico;86;PAIS;;IOT;229;1
88;Territorios Australes Franceses;260;PAIS;;ATF;230;1
88;Timor Oriental;626;PAIS;;TLS;231;1
88;Togo;768;PAIS;;TGO;232;1
88;Tokelau;772;PAIS;;TKL;233;1
88;Tonga;776;PAIS;;TON;234;1
88;Trinidad y Tobago;780;PAIS;;TTO;235;1
88;T nez;788;PAIS;;TUN;236;1
88;Turkmenist n;795;PAIS;;TKM;237;1
88;Turqu a;792;PAIS;;TUR;238;1
88;Tuvalu;798;PAIS;;TUV;239;1
88;Ucrania;804;PAIS;;UKR;240;1
88;Uganda;800;PAIS;;UGA;241;1
88;Uruguay;858;PAIS;;URY;242;1
88;Uzbekist n;860;PAIS;;UZB;243;1
88;Vanuatu;548;PAIS;;VUT;244;1
88;Venezuela;862;PAIS;;VEN;245;1
88;Vietnam;704;PAIS;;VNM;246;1
88;Wallis y Futuna;876;PAIS;;WLF;247;1
88;Yemen;887;PAIS;;YEM;248;1
88;Yibuti;262;PAIS;;DJI;249;1
88;Zambia;894;PAIS;;ZMB;250;1
88;Zimbabue;716;PAIS;;ZWE;251;1
88;Inglaterra;895;PAIS;;ING;252;1
89;AUTOCAD;1;ESTUDIO;;;1;1
89;ARCHICAD;2;ESTUDIO;;;2;1
89;PRUEBA;3;ESTUDIO;;;3;1
89;3D SZDFSDF;4;ESTUDIO;;;4;1
89;DISE O DE INTERIORES;5;ESTUDIO;;;5;1
89;DISE O DE INTERIORES;6;ESTUDIO;;;6;1
89;CONTABILIDAD;7;ESTUDIO;;;7;1
89;GESTION DE PROYECTOS;8;ESTUDIO;;;8;1
89;REVIT;9;ESTUDIO;;;9;1
89;SKETCHUP;10;ESTUDIO;;;10;1
89;PHOTOSHOP;11;ESTUDIO;;;11;1
89;DIRECCION INMOBILIARIA;12;ESTUDIO;;;12;1
89;ESCAPARATISMO;13;ESTUDIO;;;13;1
89;BIM;14;ESTUDIO;;;14;1
89;DISE O DE ESPACIOS COMERCIALES;15;ESTUDIO;;;15;1
89;COREL DRAW;16;ESTUDIO;;;16;1
89;PRESUPUESTOS;17;ESTUDIO;;;17;1
89;METRADOS;18;ESTUDIO;;;18;1
89;GERENCIA DE LA CONSTRUCCION;19;ESTUDIO;;;19;1
89;MEDIO AMBIENTE Y DESARROLLO SOSTENIBLE;20;ESTUDIO;;;20;1
89;S-10;21;ESTUDIO;;;21;1
89;MS-PROJECT;22;ESTUDIO;;;22;1
89;3DMAX;23;ESTUDIO;;;23;1
89;DISE O DE ESCENOGRAFIA;24;ESTUDIO;;;24;1
89;ARCGIS;25;ESTUDIO;;;25;1
89;PLANEAMIENTO TERRITORIAL;26;ESTUDIO;;;26;1
89;INGENIERIA CIVIL;27;ESTUDIO;;;27;1
89;TOPOGRAFIA;28;ESTUDIO;;;28;1
89;RHINOCEROS 3D;29;ESTUDIO;;;29;1
89;MICROSOFT OFFICE;30;ESTUDIO;;;30;1
89;LEAN CONSTRUCTION;31;ESTUDIO;;;31;1
89;DISE O MOBILIARIO;32;ESTUDIO;;;32;1
89;ADOBE ILLUSTRATOR;33;ESTUDIO;;;33;1
89;INFRAWORKS;34;ESTUDIO;;;34;1
89;DIPLOMADO RETAIL;35;ESTUDIO;;;35;1
89;ADMINISTRACION;36;ESTUDIO;;;36;1
89;ARTE DIGITAL;37;ESTUDIO;;;37;1
89;FENG SHUI;38;ESTUDIO;;;38;1
89;GREEN DESIGN;39;ESTUDIO;;;39;1
89;FOTOGRAFIA;40;ESTUDIO;;;40;1
89;PLANIFICACION Y CONTROL DE OBRAS;41;ESTUDIO;;;41;1
89;DIPLOMADO EN ABORDAJE SISTEMICO;42;ESTUDIO;;;42;1
89;DISE O GRAFICO;43;ESTUDIO;;;43;1
89;PMI;44;ESTUDIO;;;44;1
89;SUPERVISION DE OBRAS;45;ESTUDIO;;;45;1
89;GERENCIA DE PROYECTOS;46;ESTUDIO;;;46;1
89;NAVISWORK;47;ESTUDIO;;;47;1
89;EXCEL;48;ESTUDIO;;;48;1
89;EXCEL FINANCIERO;49;ESTUDIO;;;49;1
89;LICENCIAS MUNICIPALES;50;ESTUDIO;;;50;1
89;SEGUIMIENTO  EJECUCION DE OBRA;51;ESTUDIO;;;51;1
89;GRAFICOS Y PRESENTACION ADOBE;52;ESTUDIO;;;52;1
89;PILOTAJE Y FOTOGRAMETRIA DRONES;53;ESTUDIO;;;53;1
89;RENDERIZADO;54;ESTUDIO;;;54;1
89;BRANDING Y MARKETING;55;ESTUDIO;;;55;1
89;METODOLOGIA BIM;56;ESTUDIO;;;56;1
90;O Positivo;1;GRUPO SANGUINEO;;;1;1
90;O Negativo;2;GRUPO SANGUINEO;;;2;1
90;A Negativo;3;GRUPO SANGUINEO;;;3;1
90;A Positivo;4;GRUPO SANGUINEO;;;4;1
90;B Negativo;5;GRUPO SANGUINEO;;;5;1
90;B Positivo;6;GRUPO SANGUINEO;;;6;1
90;AB Positivo;7;GRUPO SANGUINEO;;;7;1
90;AB Negativo;8;GRUPO SANGUINEO;;;8;1
91;CAJA 01;1;CAJA;;;1;1
91;CAJA 02;2;CAJA;;;2;1
91;CAJA 03;3;CAJA;;;3;1
91;CAJA 04;4;CAJA;;;4;1
91;CAJA 05;5;CAJA;;;5;1
91;CAJA 06;6;CAJA;;;6;1
91;CAJA 07;7;CAJA;;;7;1
91;CAJA 08;8;CAJA;;;8;1
91;CAJA 09;9;CAJA;;;9;1
91;CAJA 10;10;CAJA;;;10;1
91;CAJA VIRTUAL;11;CAJA VIRTUAL;;;11;0
14;EXTRANJERO;267;SITUACION CLIENTE;;;1;1
92;PENDIENTE;1;ESTADO PAGO;;;1;1
92;PAGADO;2;ESTADO PAGO;;;2;1
92;EXONERADO;3;ESTADO PAGO;;;3;1
92;ANULADO;4;ESTADO PAGO;;;4;1
93;EDIFICACIONES;1;SUB TIPO CONCURSO;3;;1;1
93;HABILITACIONES URBANAS;2;SUB TIPO CONCURSO;3;;2;1
94;TITULAR A;1;TIPO PLAZA;;;1;1
94;TITULAR B;2;TIPO PLAZA;;;2;1
94;CATEGORIA 1 EDIF;3;TIPO PLAZA;;;3;1
94;CATEGORIA 2 EDIF;4;TIPO PLAZA;;;4;1
94;CATEGORIA 3 EDIF;5;TIPO PLAZA;;;5;1
94;CATEGORIA 4 EDIF;6;TIPO PLAZA;;;6;1
94;CATEGORIA 2 HU;7;TIPO PLAZA;;;7;1
94;CATEGORIA 3 HU;8;TIPO PLAZA;;;8;1
94;CATEGORIA 4 HU;9;TIPO PLAZA;;;9;1
95;F001;FT;SERIE;;;1;1
95;F002;FT;SERIE;;;2;1
95;F003;FT;SERIE;;;3;1
95;F004;FT;SERIE;;;4;1
95;F005;FT;SERIE;;;5;1
95;F006;FT;SERIE;;;6;1
95;F007;FT;SERIE;;;7;1
95;F008;FT;SERIE;;;8;1
95;F009;FT;SERIE;;;9;1
95;F010;FT;SERIE;;;10;1
95;B001;BV;BOLETA;;;1;1
95;B002;BV;BOLETA;;;2;1
95;B003;BV;BOLETA;;;3;1
95;B004;BV;BOLETA;;;4;1
95;B005;BV;BOLETA;;;5;1
95;B006;BV;BOLETA;;;6;1
95;B007;BV;BOLETA;;;7;1
95;B008;BV;BOLETA;;;8;1
95;B009;BV;BOLETA;;;9;1
95;B010;BV;BOLETA;;;10;1
96;ESTADO ENVIO WS;1;ESTADO ENVIO WS;;;1;1
97;CERTIFICADO;1;TIPO DOCUMENTO CONCURSO;;;1;1
97;RESOLUCIÓN;2;TIPO DOCUMENTO CONCURSO;;;2;1
97;CONSTACIA;3;TIPO DOCUMENTO CONCURSO;;;3;1
97;SOLICITUD;4;TIPO DOCUMENTO CONCURSO;;;4;1
97;FICHA CV;5;TIPO DOCUMENTO CONCURSO;;;5;1
97;DECLARACIÓN JURADA;6;TIPO DOCUMENTO CONCURSO;;;6;1
97;DATOS PERSONALES;7;TIPO DOCUMENTO CONCURSO;;;7;1
98;INGRESO;1;RESULTADO DE CONCURSO;;;1;1
98;NO INGRESO;2;RESULTADO DE CONCURSO;;;2;1
99;INTEGRADOS;1;TIPO DE AGRUPACION MUNICIPAL;;;1;1
99;UNICOS;2;TIPO DE AGRUPACION MUNICIPAL;;;2;1
100;CERTIFICADO TIPO 1;1;TIPOS DE CERTIFICADOS;;;1;1
100;CERTIFICADO TIPO 2;2;TIPOS DE CERTIFICADOS;;;2;1
100;CERTIFICADO TIPO 3;3;TIPOS DE CERTIFICADOS;;;3;1
100;CERTIFICADO TIPO 4;4;TIPOS DE CERTIFICADOS;;;3;1
101;IMO;1;TIPO CONCURSO;;;1;1
101;ESPECIALISTA;2;TIPO CONCURSO;;;2;1
101;DELEGADO;3;TIPO CONCURSO;;;3;1
102;EDIFICACIONES;1;TIPO COMISION;;;1;1
102;HABILITACION URBANA;2;TIPO COMISION;;;2;1
103;VENTA INTERNA;1;TIPO DE OPERACIÓN;;;1;1
103;OPERACIÓN SUJETA A DETRACCION;2;TIPO DE OPERACIÓN;;;2;1
104;CONTADO;1;FORMA PAGO;;;1;1
104;CREDITO;2;FORMA PAGO;;;2;1
103;Exportación;1;TIPO DE OPERACIÓN;;;1;1
103;No Domiciliados;2;TIPO DE OPERACIÓN;;;2;1
103;Venta Interna - Anticipos;3;TIPO DE OPERACIÓN;;;3;1
103;Venta Itinerante;4;TIPO DE OPERACIÓN;;;4;1
103;Factura Guía;5;TIPO DE OPERACIÓN;;;5;1
103;Venta Arroz Pilado;6;TIPO DE OPERACIÓN;;;6;1
103;Factura - Comprobante de Percepción;7;TIPO DE OPERACIÓN;;;7;1
103;Factura - Guia Remitente;8;TIPO DE OPERACIÓN;;;8;1
103;Factura - Guia Transportista;9;TIPO DE OPERACIÓN;;;9;1
103;Boleta de Venta - Comprobante de Percepción;10;TIPO DE OPERACIÓN;;;10;1
105;Gravado - Operación Onerosa;10;TIPO_IGV;;;1;1
105;Gravado - Retiro por premio;11;TIPO_IGV;;;2;1
105;Gravado - Retiro por donación;12;TIPO_IGV;;;3;1
105;Gravado - Retiro;13;TIPO_IGV;;;4;1
105;Gravado - Retiro por publicidad;14;TIPO_IGV;;;5;1
105;Gravado - Bonificaciones;15;TIPO_IGV;;;6;1
105;Gravado - Retiro por entrega a trabajadores;16;TIPO_IGV;;;7;1
105;Gravado - IVAP;17;TIPO_IGV;;;8;1
105;Exonerado - Operación Onerosa;20;TIPO_IGV;;;9;1
105;Exonerado - Transferencia Gratuita;21;TIPO_IGV;;;10;1
105;Inafecto - Operación Onerosa;30;TIPO_IGV;;;11;1
105;Inafecto - Retiro por Bonificación;31;TIPO_IGV;;;12;1
105;Inafecto - Retiro;32;TIPO_IGV;;;13;1
105;Inafecto - Retiro por Muestras Médicas;33;TIPO_IGV;;;14;1
105;Inafecto - Retiro por Convenio Colectivo;34;TIPO_IGV;;;15;1
105;Inafecto - Retiro por premio;35;TIPO_IGV;;;16;1
105;Inafecto - Retiro por publicidad;36;TIPO_IGV;;;17;1
105;Inafecto - Transferencia Gratuita;37;TIPO_IGV;;;18;1
106;Recursos hidrobiológicos;4;COD. BIENES Y SERVICIOS - DETRACCIÓN;;;2;1
106;Maíz amarillo duro;5;COD. BIENES Y SERVICIOS - DETRACCIÓN;;;3;1
106;Madera;8;COD. BIENES Y SERVICIOS - DETRACCIÓN;;;4;1
106;Arena y piedra;9;COD. BIENES Y SERVICIOS - DETRACCIÓN;;;5;1
106;Intermediación laboral y tercerización;12;COD.BIENES Y SERVICIOS - DETRACCIÓN;;;6;1
106;Harina, polvo y "pellets" de pescado, crustáceos, moluscos y demás invertebrados acuáticos;17;COD. BIENES Y SERVICIOS - DETRACCIÓN;;;7;1
106;Arrendamiento de bienes;19;COD. BIENES Y SERVICIOS - DETRACCIÓN;;;8;1
106;Mantenimiento y reparación de bienes muebles;20;COD. BIENES Y SERVICIOS - DETRACCIÓN;;;9;1
106;Movimiento de carga;21;COD. BIENES Y SERVICIOS - DETRACCIÓN;;;10;1
106;Otros Servicios Empresariales;22;COD. BIENES Y SERVICIOS - DETRACCIÓN;;;11;1
106;Comisión mercantil;24;COD. BIENES Y SERVICIOS - DETRACCIÓN;;;12;1
106;Fabricación de bienes por encargo;25;COD. BIENES Y SERVICIOS - DETRACCIÓN;;;13;1
106;Servicio de transporte de personas;26;COD. BIENES Y SERVICIOS - DETRACCIÓN;;;14;1
106;Transporte de carga;27;COD. BIENES Y SERVICIOS - DETRACCIÓN;;;15;1
106;Contratos de Construcción;30;COD. BIENES Y SERVICIOS - DETRACCIÓN;;;16;1
106;Oro gravado con el IGV;31;COD. BIENES Y SERVICIOS - DETRACCIÓN;;;17;1
106;Minerales metálicos no auríferos;34;COD. BIENES Y SERVICIOS - DETRACCIÓN;;;18;1
106;Bienes exonerados del IGV;35;COD. BIENES Y SERVICIOS - DETRACCIÓN;;;19;1
106;Oro y demás minerales metálicos exonerados del IGV;36;COD. BIENES Y SERVICIOS - DETRACCIÓN;;;20;1
106;Demás servicios gravados con el IGV;37;COD. BIENES Y SERVICIOS - DETRACCIÓN;;;21;1
106;Minerales no metálicos;39;COD. BIENES Y SERVICIOS - DETRACCIÓN;;;22;1
107;Operación sujeta al Sistema de Pago de Obligaciones Tributarias con el Gobierno Central;1;TIPO OPERACIÓN DETRACCION;;;1;1
107;Operación sujeta al Sistema de Pago de Obligaciones T. – Servicio de Transporte de Pasajeros;2;TIPO OPERACIÓN DETRACCION;;;2;1
108;DEPÓSITO EN CUENTA;001;MEDIO DE PAGO;;;1;1
108;GIRO;002;MEDIO DE PAGO;;;2;1
108;TRANSFERENCIA DE FONDOS;003;MEDIO DE PAGO;;;3;1
108;ORDEN DE PAGO;004;MEDIO DE PAGO;;;4;1
108;TARJETA DE DÉBITO;005;MEDIO DE PAGO;;;5;1
108;TARJETA DE CRÉDITO EMITIDA EN EL PAÍS POR UNA EMPRESA DEL SISTEMA FINANCIERO;006;MEDIO DE PAGO;;;6;1
108;CHEQUES CON LA CLÁUSULA DE "NO NEGOCIABLE", "INTRANSFERIBLES", "NO A LA ORDEN" U OTRA ;007;MEDIO DE PAGO;;;7;1
108;EFECTIVO, POR OPERACIONES EN LAS QUE NO EXISTE OBLIGACIÓN DE UTILIZAR MEDIO DE PAGO;008;MEDIO DE PAGO;;;8;1
108;EFECTIVO, EN LOS DEMÁS CASOS;009;MEDIO DE PAGO;;;9;1
108;MEDIOS DE PAGO USADOS EN COMERCIO EXTERIOR;010;MEDIO DE PAGO;;;10;1
108;DOCUMENTOS EMITIDOS POR LAS EDPYMES Y LAS COOPERATIVAS DE AHORRO Y CRÉDITO NO AUTORIZADAS A CAPTAR;011;MEDIO DE PAGO;;;11;1
108;TARJETA DE CRÉDITO EMITIDA EN EL PAÍS O EN EL EXTERIOR POR UNA EMPRESA NO PERTENECIENTE AL SISTEMA ;012;MEDIO DE PAGO;;;12;1
108;TARJETAS DE CRÉDITO EMITIDAS EN EL EXTERIOR POR EMPRESAS BANCARIAS O FINANCIERAS NO DOMICILIADAS;013;MEDIO DE PAGO;;;13;1
108;TRANSFERENCIAS - COMERCIO EXTERIOR;101;MEDIO DE PAGO;;;14;1
108;CHEQUES BANCARIOS  - COMERCIO EXTERIOR;102;MEDIO DE PAGO;;;15;1
108;ORDEN DE PAGO SIMPLE  - COMERCIO EXTERIOR;103;MEDIO DE PAGO;;;16;1
108;ORDEN DE PAGO DOCUMENTARIO  - COMERCIO EXTERIOR;104;MEDIO DE PAGO;;;17;1
108;REMESA SIMPLE  - COMERCIO EXTERIOR;105;MEDIO DE PAGO;;;18;1
108;REMESA DOCUMENTARIA  - COMERCIO EXTERIOR;106;MEDIO DE PAGO;;;19;1
108;CARTA DE CRÉDITO SIMPLE  - COMERCIO EXTERIOR;107;MEDIO DE PAGO;;;20;1
108;CARTA DE CRÉDITO DOCUMENTARIO  - COMERCIO EXTERIOR;108;MEDIO DE PAGO;;;21;1
108;OTROS MEDIOS DE PAGO;999;MEDIO DE PAGO;;;22;1
109;APROBADO;2;COMISION SESIONES;;;1;1
109;NO APROBADO;1;COMISION SESIONES;;;1;1
110;DNI;78;TIPO DOCUMENTO PERSONA;;;1;1
110;CARNÉ DE EXTRANJERÍA;84;TIPO DOCUMENTO PERSONA;;;2;1
110;PASAPORTE;83;TIPO DOCUMENTO PERSONA;;;3;1
110;CEDULA DIPLOMATICA DE IDENTIDAD;260;TIPO DOCUMENTO PERSONA;;;4;1
110;OTROS DOCUMENTOS DE IDENTIDAD;259;TIPO DOCUMENTO PERSONA;;;5;1
111;VIVIENDA UNIFAMILIAR;1;TIPO PLAZA;;;1;1
111;VIVIENDA MULTIFAMILIAR;2;TIPO PLAZA;;;2;1
111;VIVIENDA USO COMPLEMENTARIO;3;TIPO PLAZA;;;3;1
111;COMERCIO;4;TIPO USO;;;4;1
111;OFICINA;5;TIPO USO;;;5;1
111;INDUSTRIA;6;TIPO USO;;;6;1
111;SALUD;7;TIPO USO;;;7;1
111;EDUCACION;8;TIPO USO;;;8;1
111;HOSPEDAJE;9;TIPO USO;;;9;1
111;SERVICIOS COMUNALES;10;TIPO USO;;;10;1
111;RECREACION Y DEPORTE;11;TIPO USO;;;11;1
111;TRANSPORTE Y COMUNICACIONES;12;TIPO USO;;;12;1
111;OTROS;13;TIPO USO;;;13;1
111;URBANA;1;SUB TIPO PLAZA;1;;1;1
111;CASA DE PLAYA;2;SUB TIPO PLAZA;1;;2;1
111;CASA DE CAMPO;3;SUB TIPO PLAZA;1;;3;1
111;BIFAMILIAR;1;SUB TIPO PLAZA;2;;1;1
111;3 A MAS VIVIENDAS;2;SUB TIPO PLAZA;2;;2;1
111;CONJUNTO HABITACIONAL / RESIDENCIAL;3;SUB TIPO PLAZA;2;;3;1
111;QUINTA;4;SUB TIPO PLAZA;2;;4;1
111;VIVIENDAS DE INTERES SOCIAL;5;SUB TIPO PLAZA;2;;5;1
111;VIVIENDA-COMERCIO;1;SUB TIPO PLAZA;3;;1;1
111;VIVIENDA-TALLER;2;SUB TIPO PLAZA;3;;2;1
111;VIVIENDA-OFICINA;3;SUB TIPO PLAZA;3;;3;1
111;LOCAL COMERCIAL;1;SUB TIPO USO;4;;1;1
111;RESTAURANTE;2;SUB TIPO USO;4;;2;1
111;GRIFO, GASOCENTRO;3;SUB TIPO USO;4;;3;1
111;LOCALES BANCARIOS;4;SUB TIPO USO;4;;4;1
111;RECREACION Y ENTRETENIMIENTO;5;SUB TIPO USO;4;;5;1
111;OFICINA INDEPENDIENTE;1;SUB TIPO USO;5;;1;1
111;OFICIO CORPORATIVO;2;SUB TIPO USO;5;;2;1
111;DEPOSITOS ESPECIALES;1;SUB TIPO USO;6;;1;1
111;ARTESANAL;2;SUB TIPO USO;6;;2;1
111;LIVIANA;3;SUB TIPO USO;6;;3;1
111;MEDIANA;4;SUB TIPO USO;6;;4;1
111;PESADA;5;SUB TIPO USO;6;;5;1
111;CONSULTORIO;1;SUB TIPO USO;7;;1;1
111;CENTRO MEDICO;2;SUB TIPO USO;7;;2;1
111;PUESTO DE SALUD;3;SUB TIPO USO;7;;3;1
111;CLINICA;4;SUB TIPO USO;7;;4;1
111;HOSPITAL;5;SUB TIPO USO;7;;5;1
111;CENTRO HEMODADOR;6;SUB TIPO USO;7;;6;1
111;INICIAL;1;SUB TIPO USO;8;;1;1
111;BASICA REGULAR;2;SUB TIPO USO;8;;2;1
111;BASICA ALTERNATIVA;3;SUB TIPO USO;8;;3;1
111;BASICA ESPECIAL;4;SUB TIPO USO;8;;4;1
111;UNIVERSIDADES;5;SUB TIPO USO;8;;5;1
111;INSTITUTOS EDU;6;SUB TIPO USO;8;;6;1
111;ESCUELAS EDU;7;SUB TIPO USO;8;;7;1
111;INSTITUTOS IDIOMAS;8;SUB TIPO USO;8;;8;1
111;CENTRO EDUCACION TECNICO PRODUCTIVA;9;SUB TIPO USO;8;;9;1
111;CENTRO EDUCACION COMUNITARIA;10;SUB TIPO USO;8;;10;1
111;CENTROS PREUNIVERSITARIOS;11;SUB TIPO USO;8;;11;1
111;OTROS CAPACITACION EDUCACION;12;SUB TIPO USO;8;;12;1
111;HOTEL;1;SUB TIPO USO;9;;1;1
111;APART HOTEL;2;SUB TIPO USO;9;;2;1
111;HOSTAL;3;SUB TIPO USO;9;;3;1
111;RESORT;4;SUB TIPO USO;9;;4;1
111;ECOLODGE;5;SUB TIPO USO;9;;5;1
111;ALBERGUE;6;SUB TIPO USO;9;;6;1
111;CULTO;1;SUB TIPO USO;10;;1;1
111;CULTURA;2;SUB TIPO USO;10;;2;1
111;GOBIERNO;3;SUB TIPO USO;10;;3;1
111;PROTECCION SOCIAL;4;SUB TIPO USO;10;;4;1
111;SEGURIDAD;5;SUB TIPO USO;10;;5;1
111;CENTROS DE DIVERSION;1;SUB TIPO USO;11;;1;1
111;SALAS DE ESPECTACULOS;2;SUB TIPO USO;11;;2;1
111;EDIFICACIONES DEPORTIVAS;3;SUB TIPO USO;11;;3;1
111;AEROPUERTO;1;SUB TIPO USO;12;;1;1
111;TERMINAL TERRESTRE;2;SUB TIPO USO;12;;2;1
111;FERROVIARIO;3;SUB TIPO USO;12;;3;1
111;PORTUARIO;4;SUB TIPO USO;12;;4;1
111;ESTACION DE COMUNICACIONES;5;SUB TIPO USO;12;;5;1
111;HELIPUERTO;6;SUB TIPO USO;12;;6;1
111;TIPOLOGIAS QUE NO FIGUREN EN EL RNE;1;SUB TIPO USO;13;;1;1
112;AMPLIACION;1;TIPO OBRA;;;1;1
112;CERCADO DE PROPIEDAD;2;TIPO OBRA;;;2;1
112;DEMOLICION;3;TIPO OBRA;;;3;1
112;EDIFICACION NUEVA;4;TIPO OBRA;;;4;1
112;OBRAS COMPLEMENTARIAS;5;TIPO OBRA;;;5;1
112;INTERVENCION DE INMUEBLE DE ENTORNO;6;TIPO OBRA;;;6;1
112;INTERVENCION DE INMUEBLE MONUMENTO;7;TIPO OBRA;;;7;1
112;INTERVENCION DE INMUEBLE DE VALOR MONUMENTAL;8;TIPO OBRA;;;8;1
112;REFACCION;9;TIPO OBRA;;;9;1
112;REMODELACION;10;TIPO OBRA;;;10;1
113;ANTEPROYECTO;1;DATOS TECNICOS DE PROYECTO;;;1;1
113;PROYECTO;2;DATOS TECNICOS DE PROYECTO;;;2;1
113;CONFORMIDAD DE OBRA CON VARIACION;3;DATOS TECNICOS DE PROYECTO;;;3;1
113;REGULARIZACION;4;DATOS TECNICOS DE PROYECTO;;;4;1
113;MODIFICACION DE PROYECTO;5;DATOS TECNICOS DE PROYECTO;;;5;1
114;CONFORME;1;RESULTADO DICTAMEN;;;6;1
114;NO CONFORME;2;RESULTADO DICTAMEN;;;6;1
114;CONFORME CON OBSERVACIONES;3;RESULTADO DICTAMEN;;;3;1
114;AP;4;RESULTADO DICTAMEN;;;4;1
115;NINGUNA;1;TIPO APELACION;;;1;1
115;R;2;TIPO APELACION;;;2;1
115;A;2;TIPO APELACION;;;2;1
116;ENERO;1;MES DEL AÑO;;;1;1
116;FEBRERO;2;MES DEL AÑO;;;2;1
116;MARZO;3;MES DEL AÑO;;;3;1
116;ABRIL;4;MES DEL AÑO;;;4;1
116;MAYO;5;MES DEL AÑO;;;5;1
116;JUNIO;6;MES DEL AÑO;;;6;1
116;JULIO;7;MES DEL AÑO;;;7;1
116;AGOSTO;8;MES DEL AÑO;;;8;1
116;SETIEMBRE;9;MES DEL AÑO;;;9;1
116;OCTUBRE;10;MES DEL AÑO;;;10;1
116;NOVIEMBRE;11;MES DEL AÑO;;;11;1
116;DICIEMBRE;12;MES DEL AÑO;;;12;1
117;ZONAL 1;1;TIPO COORDINADOR ZONAL;;;1;1
117;ZONAL 2;2;TIPO COORDINADOR ZONAL;;;2;1
117;ZONAL 3;3;TIPO COORDINADOR ZONAL;;;3;1
117;ZONAL 4;4;TIPO COORDINADOR ZONAL;;;4;1